_init,basic@00400d30, 3, 0, 0, 1, 1, 1, 0, 0, 0, 0, 1, 3
FUN_00400d50,basic@00400d50, 3, 0, 0, 1, 1, 1, 0, 0, 0, 0, 2, 2
main,basic@00400fb0, 27, 1, 0, 0, 1, 4, 21, 0, 0, 0, 26, 2
main,basic@00400fe8, 50, 0, 0, 1, 1, 2, 44, 0, 2, 0, 27, 5
main,basic@00401185, 2, 0, 0, 1, 0, 0, 0, 1, 0, 0, 0, 0
main,basic@0040123f, 24, 0, 0, 1, 1, 0, 22, 0, 0, 0, 23, 23
main,basic@0040126a, 25, 1, 0, 1, 0, 0, 22, 1, 0, 0, 0, 1
main,basic@0040124f, 26, 1, 0, 0, 1, 1, 22, 0, 1, 0, 26, 3
main,basic@00401275, 2, 0, 0, 1, 0, 0, 0, 1, 0, 0, 1, 1
main,basic@00401282, 24, 0, 0, 1, 1, 0, 22, 0, 0, 0, 22, 0
main,basic@00401191, 24, 0, 1, 1, 0, 0, 22, 0, 0, 0, 0, 0
main,basic@00401230, 25, 0, 0, 1, 1, 1, 22, 0, 0, 0, 23, 1
main,basic@0040119a, 117, 0, 0, 1, 4, 1, 110, 1, 0, 0, 91, 28
main,basic@004011e1, 1, 0, 0, 0, 0, 1, 0, 0, 0, 0, 0, 1
main,basic@004011e5, 53, 0, 0, 1, 2, 3, 45, 1, 1, 0, 54, 8
main,basic@0040120f, 3, 0, 0, 1, 0, 1, 0, 1, 0, 0, 2, 2
main,basic@00401220, 1, 0, 0, 0, 0, 1, 0, 0, 0, 0, 1, 1
main,basic@00401224, 68, 0, 0, 1, 2, 20, 45, 0, 0, 0, 46, 2
main,basic@0040105a, 25, 0, 0, 1, 1, 0, 22, 1, 0, 0, 25, 3
main,basic@0040129a, 25, 0, 0, 1, 1, 1, 22, 0, 0, 0, 23, 2
main,basic@0040107d, 24, 0, 0, 1, 0, 0, 22, 1, 0, 0, 0, 1
main,basic@00401091, 25, 0, 0, 1, 1, 1, 22, 0, 0, 0, 23, 1
main,basic@004010a0, 2, 0, 0, 1, 0, 1, 0, 0, 0, 0, 1, 1
main,basic@004010af, 2, 0, 0, 1, 0, 1, 0, 0, 0, 0, 1, 1
main,basic@00401024, 2, 0, 0, 0, 0, 2, 0, 0, 0, 0, 2, 2
main,basic@004010be, 25, 0, 0, 1, 1, 1, 22, 0, 0, 0, 23, 1
main,basic@004010d5, 2, 0, 0, 1, 0, 1, 0, 0, 0, 0, 1, 1
main,basic@004010e4, 2, 0, 0, 1, 0, 1, 0, 0, 0, 0, 1, 1
main,basic@004010f3, 69, 0, 0, 1, 2, 22, 44, 0, 0, 0, 49, 5
main,basic@00401117, 25, 0, 0, 1, 1, 0, 22, 1, 0, 0, 25, 3
main,basic@0040113a, 25, 0, 0, 1, 1, 1, 22, 0, 0, 0, 23, 2
main,basic@00401044, 1, 0, 0, 0, 0, 1, 0, 0, 0, 0, 1, 1
main,basic@00401149, 2, 0, 0, 1, 0, 1, 0, 0, 0, 0, 1, 1
main,basic@00401158, 2, 0, 0, 1, 0, 1, 0, 0, 0, 0, 1, 1
main,basic@00401167, 2, 0, 0, 1, 0, 1, 0, 0, 0, 0, 1, 1
main,basic@00401038, 4, 0, 0, 1, 0, 1, 2, 0, 0, 0, 1, 1
main,basic@0040104e, 3, 0, 0, 1, 0, 1, 1, 0, 0, 0, 1, 1
main,basic@00401176, 67, 0, 0, 1, 2, 20, 44, 0, 0, 0, 46, 2
_start,basic@004012a9, 6, 0, 0, 0, 1, 0, 0, 0, 5, 0, 8, 4
_start,basic@004012d2, 1, 0, 0, 1, 0, 0, 0, 0, 0, 0, 0, 0
deregister_tm_clones,basic@004012e0, 1, 0, 0, 1, 0, 0, 0, 0, 0, 0, 1, 1
register_tm_clones,basic@00401320, 1, 0, 0, 1, 0, 0, 0, 0, 0, 0, 1, 1
__do_global_dtors_aux,basic@00401360, 2, 0, 0, 1, 0, 0, 0, 1, 0, 0, 1, 1
__do_global_dtors_aux,basic@00401369, 3, 0, 0, 0, 1, 1, 1, 0, 0, 0, 2, 2
__do_global_dtors_aux,basic@0040137a, 3, 0, 0, 1, 0, 1, 1, 0, 0, 0, 1, 1
frame_dummy,basic@00401380, 4, 0, 0, 1, 1, 1, 1, 0, 0, 0, 2, 1
give_usage,basic@004013b0, 7, 0, 0, 1, 2, 2, 2, 0, 0, 0, 5, 3
update_system_time,basic@004013e0, 8, 1, 0, 0, 1, 2, 2, 0, 2, 0, 6, 0
update_system_time,basic@0040140a, 5, 0, 0, 1, 0, 0, 3, 1, 0, 0, 1, 3
update_system_time,basic@00401410, 13, 2, 0, 0, 2, 4, 5, 0, 0, 0, 8, 3
update_system_time,basic@00401429, 5, 1, 0, 1, 0, 2, 0, 1, 0, 0, 2, 0
update_system_time,basic@00401439, 2, 0, 0, 1, 0, 1, 0, 0, 0, 0, 1, 1
update_system_time,basic@0040143f, 4, 0, 0, 1, 1, 1, 1, 0, 0, 0, 2, 1
do_statistics,basic@00401450, 15, 1, 0, 1, 1, 2, 7, 1, 2, 0, 12, 2
do_statistics,basic@00401646, 2, 0, 0, 1, 0, 0, 0, 1, 0, 0, 1, 1
do_statistics,basic@0040148a, 2, 0, 0, 1, 0, 1, 0, 0, 0, 0, 1, 1
do_statistics,basic@0040150a, 19, 0, 0, 1, 1, 0, 16, 1, 0, 0, 8, 3
do_statistics,basic@00401521, 10, 0, 0, 1, 1, 0, 7, 1, 0, 0, 9, 3
do_statistics,basic@00401533, 22, 1, 0, 1, 1, 3, 15, 1, 0, 0, 11, 2
do_statistics,basic@0040154d, 2, 0, 0, 1, 0, 0, 0, 1, 0, 0, 1, 1
do_statistics,basic@00401498, 2, 0, 0, 1, 0, 0, 0, 1, 0, 0, 1, 1
do_statistics,basic@004014ad, 3, 0, 0, 1, 0, 0, 0, 1, 1, 0, 3, 2
do_statistics,basic@004014df, 1, 0, 0, 0, 0, 0, 0, 0, 1, 0, 2, 1
do_statistics,basic@004014e3, 10, 0, 0, 0, 1, 1, 8, 0, 0, 0, 12, 3
do_statistics,basic@004014f2, 26, 0, 0, 1, 2, 0, 22, 1, 0, 0, 15, 9
do_statistics,basic@00401580, 3, 0, 0, 1, 0, 1, 0, 1, 0, 0, 1, 1
do_statistics,basic@00401628, 8, 3, 2, 1, 0, 1, 0, 0, 0, 1, 3, 5
do_statistics,basic@00401589, 1, 0, 0, 0, 0, 0, 0, 0, 0, 1, 0, 0
do_statistics,basic@00401592, 4, 1, 0, 1, 0, 0, 1, 1, 0, 0, 2, 1
do_statistics,basic@004015f0, 2, 0, 0, 1, 0, 0, 0, 1, 0, 0, 1, 1
do_statistics,basic@004015fc, 9, 0, 0, 1, 0, 0, 7, 1, 0, 0, 1, 1
do_statistics,basic@00401606, 17, 0, 0, 1, 1, 1, 14, 0, 0, 0, 10, 2
do_statistics,basic@004015a4, 10, 0, 0, 1, 0, 0, 7, 1, 1, 0, 3, 2
do_statistics,basic@004015c5, 1, 0, 0, 0, 0, 0, 0, 0, 1, 0, 2, 1
do_statistics,basic@004015c9, 10, 0, 0, 0, 1, 1, 8, 0, 0, 0, 10, 2
do_statistics,basic@004015d3, 12, 1, 0, 1, 0, 2, 7, 1, 0, 0, 2, 0
do_statistics,basic@004015e3, 7, 0, 0, 1, 0, 6, 0, 0, 0, 0, 1, 1
do_statistics,basic@00401659, 14, 0, 0, 1, 1, 6, 6, 0, 0, 0, 7, 1
update_user_time,basic@00401660, 5, 1, 0, 1, 0, 2, 0, 1, 0, 0, 3, 1
update_user_time,basic@00401738, 26, 0, 0, 1, 3, 3, 19, 0, 0, 0, 24, 9
update_user_time,basic@0040168a, 8, 0, 0, 1, 0, 0, 6, 1, 0, 0, 1, 1
update_user_time,basic@00401694, 2, 0, 0, 1, 0, 0, 0, 1, 0, 0, 1, 1
update_user_time,basic@004016a0, 9, 0, 0, 1, 1, 0, 6, 1, 0, 0, 8, 2
update_user_time,basic@004016b2, 14, 0, 0, 0, 1, 1, 12, 0, 0, 0, 11, 2
update_user_time,basic@004016f4, 15, 0, 0, 1, 1, 0, 12, 1, 0, 0, 8, 2
update_user_time,basic@00401780, 17, 0, 0, 1, 2, 1, 12, 0, 1, 0, 16, 2
update_user_time,basic@0040170d, 27, 2, 0, 1, 1, 5, 17, 1, 0, 0, 14, 5
update_user_time,basic@004017be, 11, 0, 0, 1, 1, 4, 5, 0, 0, 0, 6, 1
update_user_time,basic@0040172c, 5, 0, 0, 1, 0, 4, 0, 0, 0, 0, 1, 1
log_everyone_out,basic@004017d0, 7, 1, 0, 0, 1, 2, 2, 0, 1, 0, 5, 0
log_everyone_out,basic@0040180e, 5, 0, 0, 1, 0, 0, 3, 1, 0, 0, 1, 3
log_everyone_out,basic@00401832, 6, 0, 0, 1, 1, 1, 2, 1, 0, 0, 3, 1
log_everyone_out,basic@00401818, 2, 0, 0, 1, 0, 0, 0, 1, 0, 0, 1, 1
log_everyone_out,basic@0040183f, 9, 1, 0, 1, 1, 2, 2, 1, 1, 0, 6, 4
log_everyone_out,basic@0040181c, 6, 0, 0, 0, 0, 2, 3, 0, 1, 0, 4, 2
log_everyone_out,basic@0040185f, 6, 0, 0, 1, 1, 0, 4, 0, 0, 0, 2, 0
log_everyone_out,basic@00401820, 6, 0, 0, 0, 1, 0, 4, 0, 1, 0, 3, 0
log_everyone_out,basic@00401870, 5, 1, 0, 1, 0, 2, 0, 1, 0, 0, 2, 0
log_everyone_out,basic@0040188d, 4, 0, 0, 1, 1, 1, 1, 0, 0, 0, 2, 1
log_everyone_out,basic@00401880, 2, 0, 0, 1, 0, 1, 0, 0, 0, 0, 1, 1
log_in,basic@004018a0, 9, 1, 0, 1, 0, 3, 0, 1, 3, 0, 7, 1
log_in,basic@004018f0, 10, 0, 0, 1, 1, 0, 6, 1, 1, 0, 9, 2
log_in,basic@004019e8, 27, 1, 0, 1, 3, 2, 17, 0, 3, 0, 24, 3
log_in,basic@00401914, 10, 0, 0, 1, 1, 1, 6, 1, 0, 0, 7, 2
log_in,basic@004019a8, 23, 0, 0, 1, 3, 1, 18, 0, 0, 0, 21, 4
log_in,basic@00401929, 8, 0, 0, 1, 0, 0, 6, 1, 0, 0, 1, 1
log_in,basic@00401988, 17, 2, 0, 1, 1, 4, 6, 0, 3, 0, 13, 5
log_in,basic@00401933, 26, 1, 0, 1, 1, 3, 16, 0, 4, 0, 18, 5
log_in,basic@004018c1, 2, 0, 0, 1, 0, 0, 0, 1, 0, 0, 1, 1
log_in,basic@00401958, 17, 0, 0, 1, 2, 2, 12, 0, 0, 0, 15, 2
log_in,basic@004018cf, 11, 1, 0, 1, 0, 2, 6, 1, 0, 0, 2, 0
log_in,basic@00401a2e, 11, 0, 0, 1, 1, 4, 5, 0, 0, 0, 6, 1
log_in,basic@004018e3, 5, 0, 0, 1, 0, 4, 0, 0, 0, 0, 1, 1
log_out,basic@00401a40, 4, 0, 0, 1, 0, 1, 0, 1, 1, 0, 3, 1
log_out,basic@00401a60, 7, 0, 0, 1, 1, 0, 3, 1, 1, 0, 6, 2
log_out,basic@00401ae0, 2, 0, 0, 1, 0, 0, 0, 1, 0, 0, 1, 1
log_out,basic@00401aee, 13, 0, 0, 1, 2, 4, 6, 0, 0, 0, 10, 6
log_out,basic@00401a80, 26, 2, 0, 1, 3, 8, 9, 0, 3, 0, 17, 7
log_out,basic@00401a4d, 2, 0, 0, 1, 0, 0, 0, 1, 0, 0, 1, 1
log_out,basic@00401ab0, 14, 0, 0, 1, 2, 5, 6, 0, 0, 0, 10, 3
log_out,basic@00401a57, 7, 0, 0, 1, 0, 3, 3, 0, 0, 0, 1, 1
midnight_after_me,basic@00401b20, 52, 7, 0, 1, 2, 22, 11, 1, 8, 0, 37, 19
midnight_after_me,basic@00401bc5, 10, 0, 0, 1, 1, 0, 8, 0, 0, 0, 9, 1
midnight_after_me,basic@00401bc0, 1, 0, 0, 1, 0, 0, 0, 0, 0, 0, 1, 2
do_totals,basic@00401bd0, 4, 1, 0, 0, 0, 3, 0, 0, 0, 0, 3, 0
do_totals,basic@00401c07, 8, 0, 0, 1, 0, 0, 6, 1, 0, 0, 0, 2
do_totals,basic@00401ce0, 5, 1, 0, 1, 0, 2, 0, 1, 0, 0, 2, 0
do_totals,basic@00401d27, 9, 0, 0, 1, 1, 3, 4, 0, 0, 0, 5, 1
do_totals,basic@00401cf3, 4, 0, 0, 1, 0, 3, 0, 0, 0, 0, 1, 1
do_totals,basic@00401c25, 8, 0, 0, 1, 1, 0, 5, 1, 0, 0, 6, 1
do_totals,basic@00401c42, 13, 1, 0, 1, 1, 2, 6, 1, 1, 0, 11, 2
do_totals,basic@00401d08, 10, 1, 0, 1, 0, 4, 0, 0, 4, 0, 9, 5
do_totals,basic@00401c67, 13, 3, 0, 0, 0, 5, 0, 0, 5, 0, 12, 6
do_totals,basic@00401c87, 20, 0, 0, 1, 2, 0, 14, 1, 2, 0, 16, 2
do_totals,basic@00401cbc, 2, 0, 0, 1, 0, 0, 0, 1, 0, 0, 1, 1
do_totals,basic@00401cca, 11, 0, 0, 0, 1, 2, 8, 0, 0, 0, 10, 1
do_totals,basic@00401c10, 15, 0, 0, 0, 1, 1, 13, 0, 0, 0, 9, 1
parse_entries,basic@00401d30, 10, 1, 0, 0, 0, 6, 0, 0, 3, 0, 9, 4
parse_entries,basic@00401d58, 32, 0, 0, 0, 1, 0, 31, 0, 0, 0, 14, 2
parse_entries,basic@00401d63, 17, 0, 0, 1, 0, 0, 15, 1, 0, 0, 1, 3
parse_entries,basic@00401de0, 5, 1, 0, 1, 0, 2, 0, 1, 0, 0, 2, 0
parse_entries,basic@00402272, 24, 0, 0, 1, 1, 10, 12, 0, 0, 0, 13, 13
parse_entries,basic@00401df4, 11, 0, 0, 1, 0, 10, 0, 0, 0, 0, 1, 1
parse_entries,basic@00401d65, 2, 0, 0, 1, 0, 0, 0, 1, 0, 0, 1, 1
parse_entries,basic@00402068, 33, 0, 0, 1, 2, 2, 28, 0, 0, 0, 31, 2
parse_entries,basic@00401d75, 31, 0, 0, 1, 1, 0, 28, 1, 0, 0, 15, 2
parse_entries,basic@00401d81, 2, 0, 0, 1, 0, 0, 0, 1, 0, 0, 1, 1
parse_entries,basic@00402130, 33, 0, 0, 1, 2, 2, 28, 0, 0, 0, 31, 2
parse_entries,basic@00401d91, 31, 0, 0, 1, 1, 0, 28, 1, 0, 0, 15, 2
parse_entries,basic@00401e00, 1, 0, 0, 1, 0, 0, 0, 0, 0, 0, 0, 0
parse_entries,basic@00402110, 20, 1, 0, 1, 1, 1, 14, 0, 2, 0, 17, 1
parse_entries,basic@00401e09, 18, 0, 0, 1, 0, 1, 14, 1, 1, 0, 3, 2
parse_entries,basic@00401e78, 4, 1, 0, 0, 0, 1, 0, 0, 2, 0, 3, 1
parse_entries,basic@00401e0f, 7, 2, 0, 1, 0, 1, 0, 1, 2, 0, 3, 1
parse_entries,basic@00401e30, 3, 1, 0, 1, 0, 0, 0, 1, 0, 0, 0, 1
parse_entries,basic@004020a0, 2, 0, 0, 1, 0, 0, 0, 1, 0, 0, 1, 1
parse_entries,basic@00402160, 84, 1, 0, 1, 5, 4, 70, 0, 3, 0, 79, 8
parse_entries,basic@004020ae, 60, 3, 0, 1, 2, 5, 42, 1, 6, 0, 42, 7
parse_entries,basic@00401e47, 40, 0, 0, 1, 1, 5, 28, 2, 3, 0, 25, 22
parse_entries,basic@00401e6b, 3, 0, 0, 1, 0, 1, 0, 0, 1, 0, 2, 1
parse_entries,basic@00402020, 4, 0, 0, 1, 0, 1, 0, 1, 1, 0, 3, 1
parse_entries,basic@0040202a, 16, 0, 0, 1, 1, 0, 14, 0, 0, 0, 14, 0
parse_entries,basic@00402040, 5, 1, 0, 0, 0, 2, 0, 0, 2, 0, 4, 2
parse_entries,basic@00402102, 15, 0, 0, 1, 0, 0, 14, 0, 0, 0, 0, 2
parse_entries,basic@00401e90, 40, 3, 0, 0, 2, 3, 28, 0, 4, 0, 35, 4
parse_entries,basic@004021e8, 2, 0, 0, 1, 0, 0, 0, 1, 0, 0, 1, 1
parse_entries,basic@004021f6, 32, 0, 0, 0, 2, 2, 28, 0, 0, 0, 31, 2
parse_entries,basic@00401fe0, 5, 0, 0, 0, 0, 4, 0, 0, 1, 0, 3, 2
parse_entries,basic@00401fee, 6, 0, 0, 1, 0, 0, 4, 1, 0, 0, 1, 1
parse_entries,basic@00401fee, 16, 7, 1, 1, 0, 4, 0, 1, 2, 0, 9, 4
parse_entries,basic@00401ff0, 3, 0, 1, 1, 0, 0, 1, 0, 0, 0, 0, 0
parse_entries,basic@00401ff2, 20, 1, 0, 0, 1, 2, 14, 0, 2, 0, 19, 3
parse_entries,basic@00401f88, 5, 0, 0, 0, 0, 4, 0, 0, 1, 0, 3, 2
parse_entries,basic@00401f96, 6, 0, 0, 1, 0, 0, 4, 1, 0, 0, 1, 1
parse_entries,basic@00401f96, 16, 7, 1, 1, 0, 4, 0, 1, 2, 0, 9, 4
parse_entries,basic@00401f98, 3, 0, 1, 1, 0, 0, 1, 0, 0, 0, 0, 0
parse_entries,basic@00401f9a, 5, 0, 0, 1, 0, 2, 0, 1, 1, 0, 4, 2
parse_entries,basic@00401fa1, 2, 0, 0, 1, 0, 0, 0, 1, 0, 0, 1, 1
parse_entries,basic@00401fb0, 20, 1, 0, 0, 1, 2, 14, 0, 2, 0, 20, 4
parse_entries,basic@00401f50, 4, 0, 0, 1, 0, 1, 0, 1, 1, 0, 3, 1
parse_entries,basic@00402238, 2, 0, 0, 1, 0, 0, 0, 1, 0, 0, 1, 1
parse_entries,basic@00402246, 33, 0, 0, 1, 2, 2, 28, 0, 0, 0, 31, 2
parse_entries,basic@00401f5a, 4, 0, 0, 1, 0, 1, 0, 1, 1, 0, 3, 1
parse_entries,basic@00401f67, 15, 0, 0, 0, 1, 0, 14, 0, 0, 0, 14, 0
parse_entries,basic@004021c8, 15, 0, 0, 0, 1, 0, 14, 0, 0, 0, 14, 0
parse_entries,basic@00401fd2, 19, 0, 0, 1, 0, 1, 16, 1, 0, 0, 2, 17
parse_entries,basic@00401ec8, 15, 0, 0, 0, 1, 0, 14, 0, 0, 0, 14, 0
parse_entries,basic@00401edd, 17, 0, 0, 1, 0, 0, 15, 1, 0, 0, 1, 3
parse_entries,basic@00401ee0, 79, 1, 0, 0, 5, 3, 70, 0, 0, 0, 73, 17
parse_entries,basic@00401f3f, 2, 0, 0, 1, 0, 1, 0, 0, 0, 0, 1, 1
parse_entries,basic@00401d9d, 2, 0, 0, 1, 0, 0, 0, 1, 0, 0, 1, 1
parse_entries,basic@00401da7, 47, 0, 0, 0, 3, 2, 42, 0, 0, 0, 45, 30
fatal,basic@00402280, 10, 0, 0, 1, 2, 3, 4, 0, 0, 0, 8, 3
file_open,basic@004022b0, 9, 1, 0, 1, 0, 3, 0, 1, 3, 0, 6, 1
file_open,basic@0040238c, 18, 0, 0, 1, 2, 7, 8, 0, 0, 0, 14, 6
file_open,basic@004022d8, 3, 0, 0, 1, 0, 1, 0, 1, 0, 0, 2, 0
file_open,basic@00402320, 4, 0, 0, 1, 0, 1, 0, 1, 1, 0, 4, 3
file_open,basic@004022dd, 3, 0, 0, 1, 0, 1, 0, 1, 0, 0, 2, 1
file_open,basic@004022e9, 1, 0, 0, 0, 0, 1, 0, 0, 0, 0, 1, 0
file_open,basic@004022ed, 13, 0, 0, 1, 1, 4, 6, 1, 0, 0, 7, 3
file_open,basic@00402340, 47, 4, 1, 1, 3, 11, 19, 0, 7, 1, 38, 11
file_open,basic@00402326, 4, 0, 0, 1, 0, 2, 0, 1, 0, 0, 1, 1
file_open,basic@0040232f, 2, 0, 0, 0, 0, 2, 0, 0, 0, 0, 0, 0
file_open,basic@004022fd, 13, 1, 0, 1, 0, 3, 7, 1, 0, 0, 2, 1
file_open,basic@0040230f, 3, 0, 0, 1, 0, 2, 0, 0, 0, 0, 1, 2
file_open,basic@00402387, 13, 0, 0, 1, 1, 4, 6, 0, 1, 0, 11, 2
print_wtmp_file_location,basic@004023a0, 4, 0, 0, 1, 1, 2, 0, 0, 0, 0, 4, 4
print_acct_file_location,basic@004023c0, 4, 0, 0, 1, 1, 2, 0, 0, 0, 0, 4, 4
print_acct_file_locations,basic@004023e0, 12, 0, 0, 1, 4, 7, 0, 0, 0, 0, 11, 11
file_reader_init,basic@00402440, 19, 4, 1, 0, 1, 9, 1, 0, 3, 0, 15, 10
file_reader_init,basic@00402487, 4, 0, 0, 1, 0, 0, 2, 1, 0, 0, 1, 1
file_reader_init,basic@0040248a, 13, 2, 0, 1, 1, 5, 0, 0, 4, 0, 9, 8
file_reader_init,basic@00402487, 8, 4, 0, 1, 0, 2, 0, 0, 1, 0, 6, 3
file_reader_add_file,basic@004024c0, 10, 0, 0, 1, 1, 4, 0, 1, 3, 0, 9, 6
file_reader_add_file,basic@0040250f, 3, 0, 0, 1, 0, 1, 0, 0, 1, 0, 3, 3
file_reader_add_file,basic@004024e9, 4, 0, 0, 0, 0, 3, 0, 0, 1, 0, 2, 0
file_reader_add_file,basic@004024f0, 4, 0, 0, 1, 0, 0, 2, 1, 0, 0, 1, 1
file_reader_add_file,basic@004024fb, 4, 0, 0, 0, 0, 3, 0, 0, 1, 0, 2, 0
file_reader_add_file,basic@00402504, 3, 0, 0, 1, 0, 1, 0, 0, 1, 0, 3, 2
file_reader_get_entry,basic@00402520, 4, 0, 0, 1, 0, 1, 0, 1, 1, 0, 3, 1
file_reader_get_entry,basic@00402534, 4, 0, 0, 1, 0, 1, 0, 1, 1, 0, 3, 1
file_reader_get_entry,basic@0040253d, 4, 0, 0, 1, 0, 1, 0, 1, 1, 0, 3, 1
file_reader_get_entry,basic@00402548, 19, 3, 0, 1, 1, 5, 5, 1, 3, 0, 10, 4
file_reader_get_entry,basic@004026a0, 5, 0, 0, 1, 1, 1, 2, 0, 0, 0, 3, 1
file_reader_get_entry,basic@00402565, 2, 0, 0, 1, 0, 0, 0, 1, 0, 0, 1, 2
file_reader_get_entry,basic@004026f0, 10, 0, 0, 0, 0, 3, 4, 0, 3, 0, 10, 0
file_reader_get_entry,basic@0040256d, 8, 0, 0, 0, 1, 2, 4, 0, 1, 0, 4, 0
file_reader_get_entry,basic@00402576, 14, 0, 0, 0, 0, 4, 6, 0, 4, 0, 13, 3
file_reader_get_entry,basic@00402588, 6, 0, 0, 1, 0, 1, 2, 1, 1, 0, 3, 2
file_reader_get_entry,basic@0040269a, 4, 0, 0, 1, 0, 3, 0, 0, 0, 0, 2, 3
file_reader_get_entry,basic@00402594, 11, 0, 0, 1, 1, 2, 4, 1, 2, 0, 10, 7
file_reader_get_entry,basic@004025aa, 4, 0, 0, 1, 0, 1, 0, 1, 1, 0, 3, 1
file_reader_get_entry,basic@004026b0, 9, 0, 0, 1, 1, 3, 2, 0, 2, 0, 8, 2
file_reader_get_entry,basic@004025b5, 18, 0, 0, 1, 0, 4, 8, 1, 4, 0, 14, 5
file_reader_get_entry,basic@004025d0, 9, 0, 0, 1, 1, 1, 5, 1, 0, 0, 3, 2
file_reader_get_entry,basic@004025e0, 13, 3, 0, 1, 0, 5, 0, 1, 3, 0, 6, 2
file_reader_get_entry,basic@004025f7, 1, 0, 0, 0, 0, 1, 0, 0, 0, 0, 0, 1
file_reader_get_entry,basic@004025fb, 10, 2, 0, 1, 1, 1, 3, 1, 0, 1, 4, 2
file_reader_get_entry,basic@00402709, 11, 0, 0, 1, 2, 3, 4, 0, 1, 0, 8, 4
file_reader_get_entry,basic@0040261f, 15, 1, 0, 1, 1, 4, 4, 1, 3, 0, 9, 3
file_reader_get_entry,basic@00402755, 5, 0, 0, 1, 1, 1, 2, 0, 0, 0, 3, 1
file_reader_get_entry,basic@0040263d, 4, 0, 0, 1, 0, 0, 2, 1, 0, 0, 1, 1
file_reader_get_entry,basic@00402735, 5, 0, 0, 1, 1, 1, 2, 0, 0, 0, 4, 2
file_reader_get_entry,basic@0040264b, 21, 2, 0, 0, 1, 5, 8, 0, 4, 1, 15, 1
file_reader_get_entry,basic@00402670, 5, 0, 0, 0, 0, 1, 3, 0, 1, 0, 2, 0
file_reader_get_entry,basic@004026fd, 6, 0, 0, 1, 0, 0, 4, 1, 0, 0, 1, 1
file_reader_get_entry,basic@004026d0, 15, 4, 0, 1, 0, 5, 2, 0, 3, 0, 9, 2
file_reader_get_entry,basic@00402677, 17, 5, 0, 0, 0, 6, 2, 0, 4, 0, 11, 4
file_reader_get_entry,basic@00402695, 13, 1, 0, 1, 0, 5, 5, 0, 1, 0, 7, 6
file_reader_print_file_and_line,basic@00402770, 6, 0, 0, 1, 0, 2, 0, 1, 2, 0, 5, 1
file_reader_print_file_and_line,basic@0040278a, 1, 0, 0, 0, 0, 1, 0, 0, 0, 0, 1, 1
file_reader_print_file_and_line,basic@0040278e, 4, 0, 0, 1, 1, 1, 1, 0, 0, 0, 3, 3
get_key_len,basic@004027a0, 2, 0, 0, 1, 0, 0, 0, 1, 0, 0, 1, 1
get_key_len,basic@004027b8, 3, 0, 0, 1, 0, 1, 0, 1, 0, 0, 1, 1
get_key_len,basic@004027f0, 3, 0, 0, 1, 1, 1, 0, 0, 0, 0, 2, 4
get_key_len,basic@004027c0, 5, 0, 0, 1, 0, 1, 2, 1, 0, 0, 2, 2
get_key_len,basic@004027c5, 4, 1, 0, 1, 0, 0, 0, 1, 1, 0, 4, 6
get_key_len,basic@004027ce, 4, 1, 0, 1, 0, 1, 1, 0, 0, 0, 1, 5
get_key_len,basic@004027a7, 2, 0, 0, 1, 0, 0, 0, 1, 0, 0, 1, 1
get_key_len,basic@004027d8, 2, 0, 0, 0, 1, 1, 0, 0, 0, 0, 1, 1
get_key_len,basic@004027ab, 2, 0, 0, 1, 0, 0, 0, 1, 0, 0, 0, 0
get_key_len,basic@004027e2, 4, 0, 0, 1, 1, 2, 0, 0, 0, 0, 2, 3
get_key_len,basic@004027b1, 3, 0, 0, 1, 0, 2, 0, 0, 0, 0, 1, 2
hashtab_next,basic@00402800, 9, 1, 0, 1, 0, 3, 0, 1, 3, 0, 6, 2
hashtab_next,basic@0040280f, 4, 0, 0, 0, 0, 2, 0, 0, 2, 0, 4, 0
hashtab_next,basic@0040281a, 4, 0, 0, 1, 0, 0, 2, 1, 0, 0, 1, 1
hashtab_next,basic@00402829, 3, 1, 0, 1, 0, 0, 0, 1, 0, 0, 1, 1
hashtab_next,basic@00402832, 2, 0, 0, 1, 0, 1, 0, 0, 0, 0, 2, 3
hashtab_next,basic@00402820, 2, 0, 0, 0, 0, 1, 0, 0, 1, 0, 2, 0
hashtab_next,basic@00402838, 12, 2, 0, 1, 0, 5, 0, 1, 3, 0, 9, 5
hashtab_init,basic@00402850, 16, 0, 0, 1, 1, 8, 0, 0, 6, 0, 19, 14
hashtab_create,basic@00402890, 4, 0, 0, 1, 0, 1, 0, 1, 1, 0, 3, 1
hashtab_create,basic@00402b59, 15, 1, 0, 1, 2, 6, 0, 0, 5, 0, 17, 6
hashtab_create,basic@004028b2, 8, 0, 0, 1, 1, 3, 0, 1, 2, 0, 5, 3
hashtab_create,basic@00402b9e, 3, 0, 0, 1, 0, 2, 0, 0, 0, 0, 2, 2
hashtab_create,basic@004028cf, 9, 4, 0, 0, 0, 5, 0, 0, 0, 0, 3, 5
hashtab_create,basic@004028e0, 9, 3, 0, 1, 0, 1, 2, 1, 1, 0, 4, 2
hashtab_create,basic@004028fb, 2, 2, 0, 0, 0, 0, 0, 0, 0, 0, 1, 0
hashtab_create,basic@00402913, 9, 2, 0, 0, 0, 4, 2, 0, 1, 0, 3, 2
hashtab_create,basic@00402926, 3, 0, 0, 1, 0, 0, 1, 1, 0, 0, 1, 1
hashtab_create,basic@0040293a, 4, 0, 0, 1, 0, 1, 0, 1, 1, 0, 2, 1
hashtab_create,basic@00402941, 5, 0, 0, 1, 1, 1, 0, 1, 1, 0, 3, 4
hashtab_create,basic@00402954, 4, 0, 0, 1, 0, 2, 0, 0, 1, 0, 4, 3
hashtab_create,basic@00402930, 2, 0, 0, 0, 0, 1, 0, 0, 1, 0, 2, 0
hashtab_create,basic@0040296f, 35, 5, 0, 1, 3, 17, 0, 1, 8, 0, 25, 23
hashtab_create,basic@004029d3, 2, 0, 0, 0, 0, 1, 0, 0, 1, 0, 2, 1
hashtab_create,basic@004029d7, 14, 1, 1, 1, 0, 6, 0, 2, 3, 0, 9, 3
hashtab_create,basic@004029fe, 10, 1, 0, 1, 0, 4, 0, 1, 3, 0, 8, 3
hashtab_create,basic@00402baf, 4, 2, 0, 1, 0, 0, 0, 0, 0, 1, 1, 2
hashtab_create,basic@00402a1b, 1, 0, 0, 0, 0, 0, 0, 0, 0, 1, 0, 0
hashtab_create,basic@00402a24, 4, 1, 0, 1, 0, 0, 1, 1, 0, 0, 2, 0
hashtab_create,basic@00402b2f, 9, 1, 1, 1, 0, 3, 0, 0, 2, 1, 7, 1
hashtab_create,basic@00402a3e, 3, 0, 0, 0, 0, 1, 0, 0, 1, 1, 2, 1
hashtab_create,basic@00402a47, 13, 2, 0, 1, 2, 4, 0, 1, 3, 0, 9, 5
hashtab_create,basic@00402a7f, 3, 0, 0, 0, 0, 2, 1, 0, 0, 0, 1, 0
hashtab_create,basic@00402a85, 3, 0, 0, 1, 0, 0, 1, 1, 0, 0, 1, 1
hashtab_create,basic@00402a90, 9, 0, 0, 1, 0, 4, 0, 1, 3, 0, 7, 2
hashtab_create,basic@00402b50, 3, 0, 0, 1, 0, 2, 0, 0, 0, 0, 2, 2
hashtab_create,basic@00402aa3, 5, 3, 0, 0, 0, 1, 0, 0, 1, 0, 4, 6
hashtab_create,basic@00402ab0, 9, 3, 0, 1, 0, 1, 2, 1, 1, 0, 4, 5
hashtab_create,basic@00402acd, 7, 4, 1, 0, 0, 2, 0, 0, 0, 0, 4, 4
hashtab_create,basic@00402ada, 17, 1, 0, 1, 0, 8, 2, 1, 4, 0, 12, 8
hashtab_create,basic@00402af9, 2, 0, 0, 0, 0, 1, 0, 0, 1, 0, 2, 0
hashtab_create,basic@00402afd, 2, 0, 0, 0, 0, 2, 0, 0, 0, 0, 1, 1
hashtab_create,basic@00402b08, 3, 0, 0, 1, 0, 0, 0, 1, 1, 0, 2, 1
hashtab_create,basic@00402b15, 3, 0, 0, 1, 1, 1, 0, 0, 0, 0, 1, 3
hashtab_create,basic@004029ef, 1, 0, 0, 1, 0, 0, 0, 0, 0, 0, 1, 2
hashtab_find,basic@00402bd0, 4, 0, 0, 1, 0, 1, 0, 1, 1, 0, 3, 1
hashtab_find,basic@00402ca1, 2, 0, 0, 1, 0, 1, 0, 0, 0, 0, 2, 3
hashtab_find,basic@00402bdb, 8, 0, 0, 1, 1, 3, 0, 1, 2, 0, 5, 3
hashtab_find,basic@00402c9d, 2, 0, 0, 1, 0, 1, 0, 0, 0, 0, 1, 1
hashtab_find,basic@00402c08, 9, 4, 0, 0, 0, 5, 0, 0, 0, 0, 3, 5
hashtab_find,basic@00402c18, 9, 3, 0, 1, 0, 1, 2, 1, 1, 0, 4, 2
hashtab_find,basic@00402c35, 2, 2, 0, 0, 0, 0, 0, 0, 0, 0, 1, 0
hashtab_find,basic@00402c41, 9, 1, 0, 1, 0, 4, 1, 1, 1, 0, 4, 1
hashtab_find,basic@00402c4e, 2, 1, 0, 1, 0, 0, 0, 0, 0, 0, 0, 1
hashtab_find,basic@00402c61, 5, 0, 0, 1, 0, 1, 1, 1, 1, 0, 2, 1
hashtab_find,basic@00402c67, 5, 0, 0, 1, 1, 1, 0, 1, 1, 0, 3, 4
hashtab_find,basic@00402c58, 4, 0, 0, 1, 0, 1, 0, 1, 1, 0, 3, 1
hashtab_find,basic@00402c90, 2, 0, 0, 1, 0, 1, 0, 0, 0, 0, 2, 3
hashtab_find,basic@00402c79, 2, 0, 0, 1, 0, 1, 0, 0, 0, 0, 1, 2
hashtab_get_key,basic@00402cb0, 4, 0, 0, 1, 0, 2, 0, 0, 1, 0, 3, 3
hashtab_get_value,basic@00402cc0, 4, 0, 0, 1, 0, 2, 0, 0, 1, 0, 3, 2
hashtab_set_value,basic@00402cd0, 6, 1, 0, 1, 2, 1, 0, 0, 1, 0, 3, 3
hashtab_first,basic@00402d00, 8, 0, 0, 1, 1, 3, 0, 0, 3, 0, 9, 5
hashtab_next,basic@00402d20, 5, 0, 0, 1, 0, 2, 0, 1, 1, 0, 3, 1
hashtab_next,basic@00402d48, 2, 0, 0, 1, 1, 0, 0, 0, 0, 0, 1, 2
hashtab_next,basic@00402d29, 6, 0, 0, 1, 0, 2, 0, 1, 2, 0, 5, 1
hashtab_next,basic@00402d40, 6, 1, 0, 1, 0, 2, 0, 0, 2, 0, 6, 5
hashtab_next,basic@00402d36, 1, 0, 0, 1, 0, 0, 0, 0, 0, 0, 1, 2
hashtab_dump_keys,basic@00402d50, 14, 1, 0, 0, 1, 5, 5, 0, 2, 0, 11, 2
hashtab_dump_keys,basic@00402d84, 8, 0, 0, 1, 0, 0, 6, 1, 0, 0, 1, 3
hashtab_dump_keys,basic@00402d90, 17, 0, 0, 0, 2, 3, 10, 0, 2, 0, 16, 3
hashtab_dump_keys,basic@00402dbc, 5, 1, 0, 1, 0, 2, 0, 1, 0, 0, 2, 0
hashtab_dump_keys,basic@00402dd1, 7, 0, 0, 1, 1, 1, 4, 0, 0, 0, 5, 1
hashtab_dump_keys,basic@00402dcc, 2, 0, 0, 1, 0, 1, 0, 0, 0, 0, 1, 1
hashtab_delete,basic@00402de0, 10, 1, 0, 1, 0, 4, 0, 1, 3, 0, 9, 2
hashtab_delete,basic@00402e30, 10, 1, 0, 1, 0, 4, 0, 0, 4, 0, 8, 1
hashtab_delete,basic@00402df6, 4, 0, 0, 0, 0, 2, 0, 0, 2, 0, 4, 0
hashtab_delete,basic@00402dfe, 4, 0, 0, 1, 0, 1, 0, 1, 1, 0, 3, 1
hashtab_delete,basic@00402e07, 4, 0, 0, 0, 0, 2, 0, 0, 2, 0, 4, 0
hashtab_delete,basic@00402e0f, 4, 0, 0, 1, 0, 1, 0, 1, 1, 0, 3, 1
hashtab_delete,basic@00402e18, 1, 0, 0, 0, 1, 0, 0, 0, 0, 0, 0, 0
hashtab_delete,basic@00402e1d, 5, 0, 0, 1, 2, 1, 0, 0, 1, 0, 3, 2
utmp_init,basic@00402e50, 4, 0, 0, 1, 1, 1, 1, 0, 0, 0, 4, 2
add_utmp_file,basic@00402e80, 4, 0, 0, 1, 1, 1, 1, 0, 0, 0, 2, 1
utmp_get_entry,basic@00402e90, 5, 0, 0, 1, 1, 2, 1, 0, 0, 0, 2, 3
print_utmp_record,basic@00402ea0, 5, 1, 0, 1, 0, 2, 0, 1, 0, 0, 3, 1
print_utmp_record,basic@00402ec6, 14, 1, 0, 0, 2, 2, 4, 0, 5, 0, 19, 6
print_utmp_record,basic@00402f18, 8, 0, 0, 1, 0, 1, 3, 1, 2, 0, 4, 2
print_utmp_record,basic@00402ff8, 8, 1, 0, 1, 1, 2, 2, 0, 1, 0, 8, 4
print_utmp_record,basic@00402f27, 14, 4, 1, 1, 1, 4, 2, 1, 0, 0, 8, 3
print_utmp_record,basic@00402fe0, 6, 1, 0, 1, 1, 1, 2, 0, 0, 0, 2, 0
print_utmp_record,basic@00402f3e, 4, 0, 0, 0, 1, 1, 2, 0, 0, 0, 3, 2
print_utmp_record,basic@00402f4b, 5, 1, 0, 1, 0, 0, 2, 1, 0, 0, 2, 1
print_utmp_record,basic@00402f55, 31, 1, 0, 0, 5, 5, 14, 0, 6, 0, 27, 9
print_utmp_record,basic@00402fbe, 8, 1, 0, 1, 0, 2, 3, 1, 0, 0, 2, 0
print_utmp_record,basic@00403021, 4, 0, 0, 1, 1, 0, 2, 0, 0, 0, 3, 1
print_utmp_record,basic@00402fce, 1, 0, 0, 1, 0, 0, 0, 0, 0, 0, 1, 1
utmp_print_file_and_line,basic@00403030, 4, 0, 0, 1, 1, 1, 1, 0, 0, 0, 2, 2
fix_ut_type_field,basic@00403040, 4, 0, 0, 1, 0, 1, 0, 1, 1, 0, 3, 0
fix_ut_type_field,basic@004030e0, 3, 0, 0, 0, 0, 2, 0, 0, 1, 0, 4, 1
fix_ut_type_field,basic@00403054, 2, 0, 0, 1, 0, 0, 0, 1, 0, 0, 1, 0
fix_ut_type_field,basic@00403148, 4, 0, 0, 1, 0, 2, 0, 0, 1, 0, 4, 1
fix_ut_type_field,basic@0040305e, 3, 0, 0, 1, 0, 0, 0, 2, 0, 0, 2, 0
fix_ut_type_field,basic@00403160, 7, 0, 0, 0, 0, 6, 0, 0, 1, 0, 3, 1
fix_ut_type_field,basic@00403177, 7, 0, 0, 1, 0, 0, 5, 1, 0, 0, 1, 1
fix_ut_type_field,basic@00403177, 12, 1, 0, 1, 0, 6, 0, 2, 2, 0, 9, 4
fix_ut_type_field,basic@00403179, 9, 1, 4, 1, 0, 0, 2, 1, 0, 0, 1, 1
fix_ut_type_field,basic@00403210, 5, 0, 0, 0, 0, 5, 0, 0, 0, 0, 2, 2
fix_ut_type_field,basic@00403221, 6, 0, 0, 1, 0, 0, 4, 1, 0, 0, 1, 1
fix_ut_type_field,basic@00403221, 9, 1, 0, 1, 0, 4, 0, 1, 2, 0, 7, 4
fix_ut_type_field,basic@00403223, 3, 0, 1, 1, 0, 0, 1, 0, 0, 0, 0, 0
fix_ut_type_field,basic@00403229, 9, 0, 1, 1, 0, 3, 0, 2, 2, 0, 7, 5
fix_ut_type_field,basic@00403190, 9, 0, 1, 1, 0, 3, 0, 2, 2, 0, 6, 2
fix_ut_type_field,basic@0040319a, 4, 0, 0, 1, 0, 2, 0, 0, 1, 0, 4, 1
fix_ut_type_field,basic@004030ed, 2, 0, 0, 0, 0, 1, 1, 0, 0, 0, 1, 1
fix_ut_type_field,basic@00403268, 5, 0, 0, 0, 0, 5, 0, 0, 0, 0, 2, 2
fix_ut_type_field,basic@00403279, 7, 0, 0, 1, 0, 0, 5, 1, 0, 0, 1, 1
fix_ut_type_field,basic@00403279, 12, 1, 0, 1, 0, 6, 0, 2, 2, 0, 9, 4
fix_ut_type_field,basic@0040327b, 3, 0, 0, 1, 0, 0, 2, 0, 0, 0, 0, 0
fix_ut_type_field,basic@00403235, 9, 0, 0, 0, 0, 6, 2, 0, 1, 0, 5, 3
fix_ut_type_field,basic@0040324a, 7, 0, 0, 1, 0, 0, 5, 1, 0, 0, 1, 1
fix_ut_type_field,basic@0040324a, 12, 1, 0, 1, 0, 6, 0, 2, 2, 0, 9, 4
fix_ut_type_field,basic@0040324c, 8, 1, 3, 1, 0, 1, 2, 0, 0, 0, 1, 1
fix_ut_type_field,basic@0040327d, 3, 0, 0, 1, 0, 2, 0, 0, 0, 0, 2, 2
fix_ut_type_field,basic@00403068, 6, 0, 1, 1, 0, 1, 0, 2, 1, 0, 4, 3
fix_ut_type_field,basic@004031c0, 1, 0, 0, 0, 0, 1, 0, 0, 0, 0, 1, 1
fix_ut_type_field,basic@004030f6, 4, 0, 0, 1, 0, 0, 2, 1, 0, 0, 1, 2
fix_ut_type_field,basic@004031d6, 7, 0, 0, 0, 0, 4, 2, 0, 1, 0, 3, 3
fix_ut_type_field,basic@004031e4, 6, 0, 0, 1, 0, 0, 4, 1, 0, 0, 1, 1
fix_ut_type_field,basic@004031e4, 9, 1, 0, 1, 0, 4, 0, 1, 2, 0, 7, 4
fix_ut_type_field,basic@004031e6, 2, 0, 0, 1, 0, 0, 1, 0, 0, 0, 0, 0
fix_ut_type_field,basic@00403075, 7, 0, 0, 0, 0, 6, 0, 0, 1, 0, 3, 1
fix_ut_type_field,basic@00403086, 7, 0, 0, 1, 0, 0, 5, 1, 0, 0, 1, 1
fix_ut_type_field,basic@00403086, 12, 1, 0, 1, 0, 6, 0, 2, 2, 0, 9, 4
fix_ut_type_field,basic@00403088, 7, 1, 3, 0, 0, 1, 2, 0, 0, 0, 1, 1
fix_ut_type_field,basic@00403098, 6, 0, 1, 1, 0, 0, 2, 1, 1, 0, 2, 4
fix_ut_type_field,basic@004031b0, 3, 0, 0, 1, 0, 1, 0, 0, 1, 0, 2, 1
fix_ut_type_field,basic@004030fc, 4, 0, 0, 1, 0, 0, 2, 1, 0, 0, 1, 1
fix_ut_type_field,basic@00403138, 4, 0, 0, 1, 0, 1, 0, 1, 1, 0, 3, 1
fix_ut_type_field,basic@0040313e, 2, 0, 0, 1, 0, 1, 0, 0, 0, 0, 1, 3
fix_ut_type_field,basic@004030a1, 6, 0, 0, 0, 0, 5, 0, 0, 1, 0, 5, 3
fix_ut_type_field,basic@004030ba, 6, 0, 0, 1, 0, 0, 4, 1, 0, 0, 1, 1
fix_ut_type_field,basic@004030ba, 9, 1, 0, 1, 0, 4, 0, 1, 2, 0, 7, 4
fix_ut_type_field,basic@004030bc, 3, 0, 0, 1, 0, 1, 1, 0, 0, 0, 1, 1
fix_ut_type_field,basic@004030c7, 4, 0, 0, 1, 0, 2, 0, 0, 1, 0, 5, 5
fix_ut_type_field,basic@004031ec, 4, 0, 0, 1, 0, 1, 1, 0, 1, 0, 2, 3
fix_ut_type_field,basic@00403105, 8, 1, 1, 1, 0, 1, 2, 2, 0, 0, 3, 4
fix_ut_type_field,basic@00403130, 2, 0, 0, 1, 0, 1, 0, 0, 0, 0, 1, 3
fix_ut_type_field,basic@00403119, 4, 0, 0, 1, 0, 1, 0, 1, 1, 0, 3, 1
fix_ut_type_field,basic@00403200, 4, 0, 0, 1, 0, 2, 0, 0, 1, 0, 5, 4
fix_ut_type_field,basic@00403123, 4, 0, 0, 1, 0, 2, 0, 0, 1, 0, 5, 4
bad_utmp_record,basic@00403290, 2, 0, 0, 1, 0, 1, 0, 0, 0, 0, 2, 3
xmalloc,basic@004032a0, 3, 0, 0, 1, 1, 0, 0, 1, 0, 0, 1, 2
xmalloc,basic@004032ae, 2, 0, 0, 1, 0, 0, 0, 1, 0, 0, 1, 1
xmalloc,basic@004032b5, 2, 0, 0, 1, 1, 0, 0, 0, 0, 0, 1, 1
xmalloc,basic@004032b3, 1, 0, 0, 1, 0, 0, 0, 0, 0, 0, 1, 2
xrealloc,basic@004032c0, 3, 0, 0, 1, 1, 0, 0, 1, 0, 0, 1, 2
xrealloc,basic@004032ce, 2, 0, 0, 1, 0, 0, 0, 1, 0, 0, 1, 1
xrealloc,basic@004032d5, 2, 0, 0, 1, 1, 0, 0, 0, 0, 0, 1, 1
xrealloc,basic@004032d3, 1, 0, 0, 1, 0, 0, 0, 0, 0, 0, 1, 2
x2realloc,basic@004032e0, 3, 0, 0, 1, 0, 1, 0, 1, 0, 0, 2, 1
x2realloc,basic@00403310, 2, 0, 0, 1, 0, 0, 0, 1, 0, 0, 1, 1
x2realloc,basic@00403318, 1, 0, 0, 0, 0, 1, 0, 0, 0, 0, 1, 0
x2realloc,basic@0040331c, 4, 0, 0, 1, 1, 1, 1, 0, 0, 0, 3, 6
x2realloc,basic@004032e8, 2, 0, 0, 1, 0, 0, 0, 1, 0, 0, 1, 0
x2realloc,basic@00403327, 2, 0, 0, 1, 1, 0, 0, 0, 0, 0, 1, 1
x2realloc,basic@004032f7, 6, 3, 0, 1, 1, 1, 0, 0, 0, 0, 4, 6
xzalloc,basic@00403330, 3, 0, 0, 1, 2, 0, 0, 0, 0, 0, 2, 4
xcalloc,basic@00403350, 3, 0, 0, 1, 1, 0, 0, 1, 0, 0, 1, 2
xcalloc,basic@00403363, 2, 0, 0, 1, 1, 0, 0, 0, 0, 0, 1, 1
xcalloc,basic@0040335e, 1, 0, 0, 1, 0, 0, 0, 0, 0, 0, 1, 2
xmemdup,basic@00403370, 3, 0, 0, 1, 2, 0, 0, 0, 0, 0, 1, 3
xstrdup,basic@004033a0, 5, 1, 0, 1, 2, 1, 0, 0, 0, 0, 2, 4
xalloc_die,basic@004033c0, 8, 0, 0, 1, 2, 3, 2, 0, 0, 0, 6, 3
__libc_csu_init,basic@004033f0, 4, 0, 1, 0, 1, 2, 0, 0, 0, 0, 2, 1
__libc_csu_init,basic@00403430, 9, 1, 0, 1, 1, 2, 1, 1, 2, 0, 6, 4
__libc_csu_init,basic@00403446, 1, 0, 0, 1, 0, 0, 0, 0, 0, 0, 1, 1
__libc_csu_fini,basic@00403460, 1, 0, 0, 1, 0, 0, 0, 0, 0, 0, 1, 1
_fini,basic@00403464, 1, 0, 0, 1, 0, 0, 0, 0, 0, 0, 1, 1
