_init,basic@00010a2c, 2, 0, 0, 1, 1, 0, 0, 0, 0, 0, 1, 1
main,basic@00010c30, 27, 0, 0, 0, 1, 3, 22, 0, 1, 0, 26, 3
main,basic@00010c78, 52, 0, 0, 1, 1, 2, 46, 1, 1, 0, 28, 3
main,basic@0001103c, 2, 0, 0, 1, 0, 0, 0, 1, 0, 0, 0, 0
main,basic@00011134, 25, 0, 0, 1, 1, 0, 23, 0, 0, 0, 24, 1
main,basic@00011164, 25, 0, 0, 1, 0, 0, 23, 1, 0, 0, 0, 0
main,basic@0001114c, 27, 1, 0, 0, 1, 1, 23, 0, 1, 0, 27, 2
main,basic@00011170, 2, 0, 0, 1, 0, 0, 0, 1, 0, 0, 1, 1
main,basic@00011184, 25, 0, 0, 1, 1, 0, 23, 0, 0, 0, 23, 0
main,basic@00011058, 25, 0, 1, 1, 0, 0, 23, 0, 0, 0, 0, 0
main,basic@00011124, 26, 0, 0, 1, 1, 1, 23, 0, 0, 0, 24, 1
main,basic@00011060, 121, 0, 0, 1, 4, 0, 115, 1, 0, 0, 95, 26
main,basic@000110b0, 1, 0, 0, 0, 0, 1, 0, 0, 0, 0, 0, 0
main,basic@000110b4, 54, 0, 0, 1, 2, 2, 47, 1, 1, 0, 55, 8
main,basic@00011118, 2, 0, 0, 1, 0, 1, 0, 0, 0, 0, 1, 0
main,basic@000110ec, 4, 0, 0, 1, 0, 2, 0, 1, 0, 0, 3, 3
main,basic@00011108, 1, 0, 0, 0, 0, 1, 0, 0, 0, 0, 0, 0
main,basic@0001110c, 71, 0, 0, 1, 2, 21, 47, 0, 0, 0, 48, 2
main,basic@00010ca4, 1, 0, 0, 1, 0, 0, 0, 0, 0, 0, 0, 0
main,basic@00010e9c, 26, 0, 0, 1, 1, 0, 23, 1, 0, 0, 26, 2
main,basic@0001119c, 26, 0, 0, 1, 1, 1, 23, 0, 0, 0, 24, 1
main,basic@00010ec0, 25, 0, 0, 1, 0, 0, 23, 1, 0, 0, 0, 0
main,basic@00010ed0, 26, 0, 0, 1, 1, 1, 23, 0, 0, 0, 24, 1
main,basic@00010ee0, 2, 0, 0, 1, 0, 1, 0, 0, 0, 0, 1, 1
main,basic@00010ef4, 2, 0, 0, 1, 0, 1, 0, 0, 0, 0, 1, 1
main,basic@00010f08, 4, 0, 0, 1, 0, 3, 0, 0, 0, 0, 3, 3
main,basic@00010f24, 26, 0, 0, 1, 1, 1, 23, 0, 0, 0, 24, 1
main,basic@00010f34, 2, 0, 0, 1, 0, 1, 0, 0, 0, 0, 1, 1
main,basic@00010f48, 2, 0, 0, 1, 0, 1, 0, 0, 0, 0, 1, 1
main,basic@00011030, 70, 0, 0, 1, 2, 21, 46, 0, 0, 0, 48, 2
main,basic@00010f5c, 72, 0, 0, 1, 2, 23, 46, 0, 0, 0, 51, 5
main,basic@00010f80, 26, 0, 0, 1, 1, 0, 23, 1, 0, 0, 26, 2
main,basic@00010fa4, 26, 0, 0, 1, 1, 1, 23, 0, 0, 0, 24, 1
main,basic@00010fb4, 3, 0, 0, 1, 0, 2, 0, 0, 0, 0, 2, 2
main,basic@00010fcc, 2, 0, 0, 1, 0, 1, 0, 0, 0, 0, 1, 1
main,basic@00010fe0, 2, 0, 0, 1, 0, 1, 0, 0, 0, 0, 1, 1
main,basic@00010ff4, 2, 0, 0, 1, 0, 1, 0, 0, 0, 0, 1, 1
main,basic@00011008, 2, 0, 0, 1, 0, 1, 0, 0, 0, 0, 1, 1
main,basic@0001101c, 2, 0, 0, 1, 0, 1, 0, 0, 0, 0, 1, 1
_start,basic@000111b0, 7, 0, 0, 1, 2, 0, 0, 0, 4, 0, 8, 7
call_weak_fn,basic@00010b48, 2, 0, 0, 1, 1, 0, 0, 0, 0, 0, 1, 1
deregister_tm_clones,basic@00011210, 1, 0, 0, 1, 0, 0, 0, 0, 0, 0, 1, 1
register_tm_clones,basic@00011240, 1, 0, 0, 1, 0, 0, 0, 0, 0, 0, 1, 1
__do_global_dtors_aux,basic@0001127c, 2, 0, 0, 1, 0, 0, 0, 1, 0, 0, 1, 1
__do_global_dtors_aux,basic@00011290, 4, 0, 0, 1, 1, 1, 1, 0, 0, 0, 3, 2
__do_global_dtors_aux,basic@0001128c, 2, 0, 0, 1, 0, 1, 0, 0, 0, 0, 1, 1
frame_dummy,basic@000112a4, 4, 0, 0, 1, 1, 1, 1, 0, 0, 0, 2, 1
give_usage,basic@000112d8, 7, 0, 0, 1, 2, 2, 2, 0, 0, 0, 5, 3
update_system_time,basic@00011300, 6, 0, 0, 0, 1, 1, 2, 0, 2, 0, 4, 3
update_system_time,basic@00011334, 5, 0, 0, 1, 0, 0, 3, 1, 0, 0, 1, 1
update_system_time,basic@00011338, 17, 3, 0, 0, 2, 6, 6, 0, 0, 0, 10, 1
update_system_time,basic@0001135c, 2, 0, 0, 1, 0, 0, 0, 1, 0, 0, 0, 0
update_system_time,basic@0001136c, 3, 0, 0, 1, 0, 2, 0, 0, 0, 0, 1, 1
update_system_time,basic@00011374, 6, 0, 0, 1, 1, 2, 2, 0, 0, 0, 3, 1
do_statistics,basic@00011378, 12, 0, 0, 1, 1, 1, 7, 1, 1, 0, 9, 2
do_statistics,basic@00011528, 3, 0, 0, 1, 0, 1, 0, 1, 0, 0, 2, 2
do_statistics,basic@000113b4, 2, 0, 0, 0, 0, 1, 0, 0, 1, 0, 3, 2
do_statistics,basic@000113c8, 19, 0, 0, 1, 1, 0, 16, 1, 0, 0, 8, 1
do_statistics,basic@000113e0, 10, 0, 0, 1, 1, 0, 7, 1, 0, 0, 9, 1
do_statistics,basic@000113f4, 20, 1, 0, 1, 1, 2, 14, 1, 0, 0, 9, 1
do_statistics,basic@00011410, 2, 0, 0, 1, 0, 0, 0, 1, 0, 0, 1, 1
do_statistics,basic@00011418, 2, 0, 0, 1, 0, 0, 0, 1, 0, 0, 1, 1
do_statistics,basic@00011424, 4, 0, 0, 1, 0, 1, 0, 1, 1, 0, 3, 2
do_statistics,basic@00011458, 1, 0, 0, 0, 0, 1, 0, 0, 0, 0, 0, 0
do_statistics,basic@0001145c, 10, 0, 0, 0, 1, 1, 8, 0, 0, 0, 12, 2
do_statistics,basic@0001146c, 27, 0, 0, 1, 2, 0, 22, 1, 1, 0, 16, 9
do_statistics,basic@00011484, 5, 2, 0, 1, 0, 0, 0, 1, 0, 1, 2, 1
do_statistics,basic@000114f0, 2, 0, 1, 1, 0, 0, 0, 0, 0, 0, 0, 0
do_statistics,basic@000114fc, 10, 0, 0, 1, 0, 0, 8, 1, 0, 0, 1, 1
do_statistics,basic@00011508, 18, 0, 0, 1, 1, 1, 15, 0, 0, 0, 10, 2
do_statistics,basic@000114a0, 13, 0, 0, 1, 0, 1, 8, 1, 2, 0, 5, 3
do_statistics,basic@000114c0, 1, 0, 0, 0, 0, 1, 0, 0, 0, 0, 0, 0
do_statistics,basic@000114c4, 10, 0, 0, 0, 1, 1, 8, 0, 0, 0, 10, 2
do_statistics,basic@000114d4, 9, 0, 0, 1, 0, 0, 7, 1, 0, 0, 0, 0
do_statistics,basic@000114e4, 8, 0, 0, 1, 0, 7, 0, 0, 0, 0, 1, 1
do_statistics,basic@0001153c, 16, 0, 0, 1, 1, 7, 7, 0, 0, 0, 8, 1
update_user_time,basic@00011550, 3, 0, 0, 1, 0, 1, 0, 1, 0, 0, 1, 1
update_user_time,basic@00011640, 24, 0, 0, 1, 3, 2, 18, 0, 0, 0, 22, 3
update_user_time,basic@00011578, 8, 0, 0, 1, 0, 0, 6, 1, 0, 0, 1, 1
update_user_time,basic@0001158c, 2, 0, 0, 1, 0, 0, 0, 1, 0, 0, 1, 1
update_user_time,basic@00011598, 9, 0, 0, 1, 1, 0, 6, 1, 0, 0, 8, 1
update_user_time,basic@000115ac, 17, 2, 0, 0, 1, 1, 12, 0, 0, 1, 12, 2
update_user_time,basic@000115f4, 16, 0, 0, 1, 1, 1, 12, 1, 0, 0, 8, 1
update_user_time,basic@00011684, 20, 0, 0, 1, 2, 4, 12, 0, 1, 0, 15, 7
update_user_time,basic@00011614, 26, 1, 0, 1, 1, 4, 18, 1, 0, 0, 13, 0
update_user_time,basic@000116b0, 13, 0, 0, 1, 1, 5, 6, 0, 0, 0, 7, 1
update_user_time,basic@00011638, 6, 0, 0, 1, 0, 5, 0, 0, 0, 0, 1, 1
log_everyone_out,basic@000116c0, 7, 0, 0, 0, 1, 1, 2, 0, 3, 0, 5, 4
log_everyone_out,basic@00011700, 5, 0, 0, 1, 0, 0, 3, 1, 0, 0, 1, 1
log_everyone_out,basic@0001176c, 2, 0, 0, 1, 0, 0, 0, 1, 0, 0, 0, 0
log_everyone_out,basic@0001177c, 3, 0, 0, 1, 0, 2, 0, 0, 0, 0, 1, 1
log_everyone_out,basic@00011784, 6, 0, 0, 1, 1, 2, 2, 0, 0, 0, 3, 1
log_everyone_out,basic@00011724, 6, 0, 0, 1, 1, 1, 2, 1, 0, 0, 3, 1
log_everyone_out,basic@00011708, 2, 0, 0, 1, 0, 0, 0, 1, 0, 0, 1, 1
log_everyone_out,basic@0001170c, 5, 0, 0, 0, 0, 2, 2, 0, 1, 0, 5, 1
log_everyone_out,basic@00011738, 9, 1, 0, 1, 1, 2, 2, 1, 1, 0, 6, 2
log_everyone_out,basic@00011754, 8, 0, 0, 0, 2, 0, 6, 0, 0, 0, 4, 1
log_everyone_out,basic@0001174c, 5, 0, 0, 0, 0, 2, 2, 0, 1, 0, 5, 1
log_everyone_out,basic@00011714, 5, 0, 0, 0, 1, 0, 4, 0, 0, 0, 2, 3
log_in,basic@00011788, 5, 0, 0, 1, 0, 2, 0, 1, 1, 0, 3, 1
log_in,basic@000117dc, 10, 0, 0, 1, 1, 0, 6, 1, 1, 0, 9, 1
log_in,basic@000118cc, 28, 0, 0, 1, 3, 2, 17, 0, 5, 0, 26, 3
log_in,basic@00011800, 10, 0, 0, 1, 1, 1, 6, 1, 0, 0, 7, 1
log_in,basic@00011890, 23, 0, 0, 1, 3, 1, 18, 0, 0, 0, 21, 2
log_in,basic@0001181c, 8, 0, 0, 1, 0, 0, 6, 1, 0, 0, 1, 1
log_in,basic@00011870, 16, 1, 0, 1, 1, 4, 6, 0, 3, 0, 13, 3
log_in,basic@00011828, 26, 0, 0, 1, 1, 3, 17, 0, 4, 0, 19, 2
log_in,basic@000117b0, 2, 0, 0, 1, 0, 0, 0, 1, 0, 0, 1, 1
log_in,basic@00011844, 17, 0, 0, 1, 2, 2, 12, 0, 0, 0, 15, 2
log_in,basic@000117c4, 8, 0, 0, 1, 0, 0, 6, 1, 0, 0, 0, 0
log_in,basic@00011904, 13, 0, 0, 1, 1, 5, 6, 0, 0, 0, 7, 1
log_in,basic@000117d4, 6, 0, 0, 1, 0, 5, 0, 0, 0, 0, 1, 1
log_out,basic@00011908, 4, 0, 0, 1, 0, 1, 0, 1, 1, 0, 3, 1
log_out,basic@0001193c, 7, 0, 0, 1, 1, 0, 3, 1, 1, 0, 6, 1
log_out,basic@000119bc, 2, 0, 0, 1, 0, 0, 0, 1, 0, 0, 1, 1
log_out,basic@000119d0, 10, 0, 0, 1, 2, 1, 6, 0, 0, 0, 9, 2
log_out,basic@00011960, 25, 1, 0, 1, 3, 8, 9, 0, 3, 0, 17, 4
log_out,basic@00011920, 2, 0, 0, 1, 0, 0, 0, 1, 0, 0, 1, 1
log_out,basic@0001198c, 14, 0, 0, 1, 2, 5, 6, 0, 0, 0, 10, 3
log_out,basic@00011934, 7, 0, 0, 1, 0, 3, 3, 0, 0, 0, 1, 1
midnight_after_me,basic@00011a00, 12, 0, 0, 0, 1, 5, 3, 0, 3, 0, 6, 2
midnight_after_me,basic@00011a30, 38, 0, 0, 1, 0, 14, 12, 1, 10, 0, 26, 4
midnight_after_me,basic@00011a58, 31, 1, 0, 1, 1, 10, 10, 1, 7, 0, 28, 7
midnight_after_me,basic@00011aac, 10, 0, 0, 1, 1, 1, 7, 0, 0, 0, 8, 1
midnight_after_me,basic@00011aa4, 2, 0, 0, 1, 0, 1, 0, 0, 0, 0, 1, 1
do_totals,basic@00011ab0, 2, 0, 0, 0, 0, 2, 0, 0, 0, 0, 1, 0
do_totals,basic@00011ae4, 8, 0, 0, 1, 0, 0, 6, 1, 0, 0, 0, 0
do_totals,basic@00011be8, 2, 0, 0, 1, 0, 0, 0, 1, 0, 0, 0, 0
do_totals,basic@00011c44, 11, 0, 0, 1, 1, 4, 5, 0, 0, 0, 6, 1
do_totals,basic@00011bfc, 5, 0, 0, 1, 0, 4, 0, 0, 0, 0, 1, 1
do_totals,basic@00011b24, 8, 0, 0, 1, 1, 0, 5, 1, 0, 0, 6, 2
do_totals,basic@00011b40, 11, 1, 0, 1, 1, 1, 5, 1, 1, 0, 9, 2
do_totals,basic@00011c04, 16, 0, 0, 1, 1, 4, 5, 0, 5, 0, 18, 6
do_totals,basic@00011b64, 18, 1, 0, 0, 1, 5, 5, 0, 6, 0, 21, 6
do_totals,basic@00011bb4, 14, 0, 0, 1, 1, 0, 10, 1, 1, 0, 7, 2
do_totals,basic@00011bc8, 2, 0, 0, 1, 0, 0, 0, 1, 0, 0, 1, 1
do_totals,basic@00011bd4, 12, 0, 0, 0, 1, 2, 9, 0, 0, 0, 11, 0
do_totals,basic@00011b10, 16, 0, 0, 0, 1, 1, 14, 0, 0, 0, 10, 0
parse_entries,basic@00011c48, 5, 0, 0, 0, 0, 5, 0, 0, 0, 0, 3, 3
parse_entries,basic@00011c7c, 30, 0, 0, 0, 1, 0, 29, 0, 0, 0, 13, 0
parse_entries,basic@00011c84, 16, 0, 0, 1, 0, 0, 14, 1, 0, 0, 1, 1
parse_entries,basic@00011cf8, 2, 0, 0, 1, 0, 0, 0, 1, 0, 0, 0, 0
parse_entries,basic@00011d08, 12, 0, 0, 1, 0, 11, 0, 0, 0, 0, 1, 1
parse_entries,basic@00012134, 26, 0, 0, 1, 1, 11, 13, 0, 0, 0, 14, 1
parse_entries,basic@00011c88, 2, 0, 0, 1, 0, 0, 0, 1, 0, 0, 1, 1
parse_entries,basic@00011fbc, 31, 0, 0, 1, 2, 2, 26, 0, 0, 0, 29, 2
parse_entries,basic@00011c94, 29, 0, 0, 1, 1, 0, 26, 1, 0, 0, 14, 1
parse_entries,basic@00011ca4, 2, 0, 0, 1, 0, 0, 0, 1, 0, 0, 1, 1
parse_entries,basic@00011ffc, 31, 0, 0, 1, 2, 2, 26, 0, 0, 0, 29, 2
parse_entries,basic@00011cb0, 29, 0, 0, 1, 1, 0, 26, 1, 0, 0, 14, 1
parse_entries,basic@00011cc0, 3, 0, 0, 1, 0, 1, 0, 1, 0, 0, 1, 1
parse_entries,basic@00011ccc, 44, 0, 0, 0, 3, 2, 39, 0, 0, 0, 42, 15
parse_entries,basic@00011d10, 2, 0, 0, 1, 0, 0, 0, 1, 0, 0, 1, 1
parse_entries,basic@00011fe4, 18, 0, 0, 1, 1, 1, 13, 0, 2, 0, 16, 1
parse_entries,basic@00011d18, 17, 0, 0, 1, 0, 1, 13, 1, 1, 0, 3, 1
parse_entries,basic@00011d20, 4, 0, 0, 0, 0, 2, 0, 0, 2, 0, 3, 1
parse_entries,basic@00011d2c, 6, 1, 0, 1, 0, 1, 0, 1, 2, 0, 3, 1
parse_entries,basic@00011d4c, 3, 1, 0, 1, 0, 0, 0, 1, 0, 0, 0, 0
parse_entries,basic@00011db8, 2, 0, 0, 1, 0, 0, 0, 1, 0, 0, 1, 1
parse_entries,basic@00012024, 81, 0, 0, 1, 5, 6, 65, 0, 4, 0, 75, 20
parse_entries,basic@00011dc4, 55, 1, 0, 1, 2, 5, 39, 1, 6, 0, 40, 7
parse_entries,basic@00011d60, 35, 0, 0, 1, 1, 5, 26, 0, 2, 0, 20, 5
parse_entries,basic@00011d8c, 4, 0, 0, 1, 0, 1, 0, 1, 1, 0, 3, 1
parse_entries,basic@000120d8, 2, 0, 0, 1, 0, 0, 0, 1, 0, 0, 1, 1
parse_entries,basic@000120e4, 32, 0, 0, 1, 2, 3, 26, 0, 0, 0, 29, 2
parse_entries,basic@00011f14, 4, 0, 0, 1, 0, 1, 0, 1, 1, 0, 3, 1
parse_entries,basic@00011f20, 16, 0, 0, 1, 1, 1, 13, 0, 0, 0, 13, 0
parse_entries,basic@00011eec, 4, 0, 0, 1, 0, 1, 0, 1, 1, 0, 3, 1
parse_entries,basic@00011efc, 15, 0, 0, 0, 1, 1, 13, 0, 0, 0, 13, 0
parse_entries,basic@00012080, 15, 0, 0, 0, 1, 1, 13, 0, 0, 0, 13, 0
parse_entries,basic@00011f2c, 4, 0, 0, 0, 0, 2, 0, 0, 2, 0, 4, 2
parse_entries,basic@00011e10, 14, 0, 0, 1, 0, 0, 13, 0, 0, 0, 0, 0
parse_entries,basic@00011e1c, 37, 1, 0, 0, 2, 4, 26, 0, 4, 0, 33, 3
parse_entries,basic@00012098, 3, 0, 0, 1, 0, 1, 0, 1, 0, 0, 1, 1
parse_entries,basic@000120a4, 31, 0, 0, 0, 2, 3, 26, 0, 0, 0, 29, 2
parse_entries,basic@00011f4c, 18, 0, 0, 1, 1, 1, 13, 1, 1, 0, 16, 2
parse_entries,basic@00012108, 19, 0, 0, 0, 1, 3, 13, 0, 2, 0, 18, 16
parse_entries,basic@00011f90, 18, 0, 0, 1, 1, 1, 13, 1, 1, 0, 16, 2
parse_entries,basic@00011fa8, 8, 0, 1, 1, 0, 3, 0, 2, 1, 0, 4, 0
parse_entries,basic@00011f64, 32, 0, 0, 0, 1, 3, 26, 0, 2, 0, 19, 4
parse_entries,basic@00011f08, 18, 0, 0, 1, 0, 1, 15, 1, 0, 0, 1, 1
parse_entries,basic@00011e54, 15, 0, 0, 0, 1, 0, 13, 0, 1, 0, 14, 1
parse_entries,basic@00011e6c, 16, 0, 0, 1, 0, 0, 14, 1, 0, 0, 1, 1
parse_entries,basic@00011e74, 76, 1, 0, 0, 5, 4, 65, 0, 1, 0, 73, 16
parse_entries,basic@00011ed8, 3, 0, 0, 1, 0, 2, 0, 0, 0, 0, 1, 1
fatal,basic@0001213c, 10, 0, 0, 1, 2, 3, 4, 0, 0, 0, 8, 4
file_open,basic@00012178, 3, 0, 0, 1, 0, 1, 0, 1, 0, 0, 1, 1
file_open,basic@00012260, 12, 0, 0, 1, 2, 5, 4, 0, 0, 0, 9, 5
file_open,basic@0001219c, 3, 0, 0, 1, 0, 1, 0, 1, 0, 0, 2, 0
file_open,basic@000121f0, 4, 0, 0, 1, 0, 1, 0, 1, 1, 0, 4, 3
file_open,basic@000121a8, 4, 0, 0, 1, 0, 2, 0, 1, 0, 0, 3, 1
file_open,basic@000121c0, 1, 0, 0, 0, 0, 1, 0, 0, 0, 0, 0, 0
file_open,basic@000121c4, 7, 0, 0, 1, 1, 1, 3, 1, 0, 0, 3, 3
file_open,basic@00012218, 22, 2, 1, 1, 3, 4, 7, 0, 3, 1, 16, 6
file_open,basic@000121fc, 2, 0, 0, 1, 0, 0, 0, 1, 0, 0, 1, 1
file_open,basic@00012200, 2, 0, 0, 0, 0, 1, 0, 0, 1, 0, 2, 1
file_open,basic@00012204, 2, 0, 0, 0, 0, 1, 0, 0, 1, 0, 2, 1
file_open,basic@00012210, 3, 0, 0, 1, 0, 1, 1, 0, 0, 0, 1, 0
file_open,basic@000121d8, 5, 0, 0, 1, 0, 0, 3, 1, 0, 0, 0, 0
file_open,basic@0001225c, 5, 0, 0, 1, 1, 1, 2, 0, 0, 0, 3, 1
file_open,basic@000121e8, 2, 0, 0, 1, 0, 1, 0, 0, 0, 0, 1, 1
print_wtmp_file_location,basic@0001226c, 4, 0, 0, 1, 1, 2, 0, 0, 0, 0, 4, 4
print_acct_file_location,basic@00012284, 4, 0, 0, 1, 1, 2, 0, 0, 0, 0, 4, 4
print_acct_file_locations,basic@0001229c, 12, 0, 0, 1, 4, 7, 0, 0, 0, 0, 11, 11
file_reader_init,basic@000122f8, 15, 1, 0, 1, 3, 6, 0, 0, 4, 0, 12, 2
file_reader_add_file,basic@00012340, 10, 0, 0, 1, 1, 4, 0, 1, 3, 0, 9, 4
file_reader_add_file,basic@00012394, 3, 0, 0, 1, 0, 1, 0, 0, 1, 0, 3, 2
file_reader_add_file,basic@0001236c, 4, 0, 0, 0, 0, 3, 0, 0, 1, 0, 2, 0
file_reader_add_file,basic@00012374, 4, 0, 0, 1, 0, 0, 2, 1, 0, 0, 1, 1
file_reader_add_file,basic@00012380, 4, 0, 0, 0, 0, 3, 0, 0, 1, 0, 2, 0
file_reader_add_file,basic@0001238c, 3, 0, 0, 1, 0, 1, 0, 0, 1, 0, 3, 1
file_reader_get_entry,basic@000123a4, 11, 1, 1, 1, 0, 5, 0, 1, 2, 0, 6, 1
file_reader_get_entry,basic@000123bc, 4, 0, 0, 1, 0, 1, 0, 1, 1, 0, 3, 1
file_reader_get_entry,basic@000123cc, 4, 0, 0, 1, 0, 1, 0, 1, 1, 0, 3, 1
file_reader_get_entry,basic@000123d8, 15, 0, 0, 1, 1, 4, 5, 1, 3, 0, 9, 2
file_reader_get_entry,basic@00012560, 5, 0, 0, 1, 1, 1, 2, 0, 0, 0, 3, 1
file_reader_get_entry,basic@000123f0, 2, 0, 0, 1, 0, 0, 0, 1, 0, 0, 1, 1
file_reader_get_entry,basic@000125a4, 28, 3, 0, 0, 0, 12, 8, 0, 5, 0, 21, 2
file_reader_get_entry,basic@000123f8, 8, 0, 0, 0, 1, 2, 4, 0, 1, 0, 4, 0
file_reader_get_entry,basic@00012400, 14, 0, 0, 0, 0, 4, 6, 0, 4, 0, 13, 3
file_reader_get_entry,basic@00012410, 6, 0, 0, 1, 0, 1, 2, 1, 1, 0, 3, 2
file_reader_get_entry,basic@00012558, 4, 0, 0, 1, 0, 3, 0, 0, 0, 0, 2, 2
file_reader_get_entry,basic@0001241c, 11, 0, 0, 1, 1, 2, 4, 1, 2, 0, 10, 3
file_reader_get_entry,basic@00012438, 4, 0, 0, 1, 0, 1, 0, 1, 1, 0, 3, 1
file_reader_get_entry,basic@00012570, 9, 0, 0, 1, 1, 3, 2, 0, 2, 0, 8, 1
file_reader_get_entry,basic@00012444, 18, 0, 0, 1, 0, 4, 8, 1, 4, 0, 14, 4
file_reader_get_entry,basic@0001245c, 27, 6, 2, 1, 1, 6, 5, 6, 0, 0, 10, 9
file_reader_get_entry,basic@00012474, 39, 9, 2, 1, 1, 11, 2, 8, 3, 2, 17, 10
file_reader_get_entry,basic@000124a8, 1, 0, 0, 0, 0, 1, 0, 0, 0, 0, 0, 0
file_reader_get_entry,basic@000124ac, 5, 1, 0, 1, 0, 1, 1, 1, 0, 0, 0, 0
file_reader_get_entry,basic@000124b8, 1, 0, 0, 0, 0, 1, 0, 0, 0, 0, 0, 0
file_reader_get_entry,basic@000124bc, 7, 0, 0, 1, 1, 1, 3, 1, 0, 0, 4, 2
file_reader_get_entry,basic@000125c4, 12, 0, 0, 1, 2, 4, 4, 0, 1, 0, 9, 4
file_reader_get_entry,basic@000124d0, 14, 0, 0, 1, 1, 4, 4, 1, 3, 0, 9, 0
file_reader_get_entry,basic@00012618, 5, 0, 0, 1, 1, 1, 2, 0, 0, 0, 3, 1
file_reader_get_entry,basic@000124ec, 4, 0, 0, 1, 0, 0, 2, 1, 0, 0, 1, 1
file_reader_get_entry,basic@000125f4, 5, 0, 0, 1, 1, 1, 2, 0, 0, 0, 4, 2
file_reader_get_entry,basic@000124f8, 36, 3, 0, 0, 1, 13, 12, 0, 6, 1, 25, 3
file_reader_get_entry,basic@00012520, 6, 0, 0, 0, 0, 1, 4, 0, 1, 0, 2, 0
file_reader_get_entry,basic@000125bc, 7, 0, 0, 1, 0, 0, 5, 1, 0, 0, 1, 1
file_reader_get_entry,basic@00012588, 25, 6, 0, 1, 0, 9, 4, 1, 4, 0, 15, 4
file_reader_get_entry,basic@0001252c, 28, 7, 0, 0, 0, 11, 4, 1, 5, 0, 17, 4
file_reader_get_entry,basic@0001254c, 14, 1, 0, 1, 0, 5, 5, 0, 2, 0, 8, 2
file_reader_print_file_and_line,basic@00012628, 8, 0, 0, 1, 0, 4, 0, 1, 2, 0, 6, 1
file_reader_print_file_and_line,basic@0001264c, 1, 0, 0, 0, 0, 1, 0, 0, 0, 0, 0, 0
file_reader_print_file_and_line,basic@00012650, 4, 0, 0, 1, 1, 1, 1, 0, 0, 0, 3, 3
get_key_len,basic@00012668, 2, 0, 0, 1, 0, 0, 0, 1, 0, 0, 1, 1
get_key_len,basic@000126a0, 2, 0, 0, 1, 0, 0, 0, 1, 0, 0, 1, 1
get_key_len,basic@000126cc, 2, 0, 0, 1, 1, 0, 0, 0, 0, 0, 1, 1
get_key_len,basic@000126a8, 2, 0, 0, 0, 0, 1, 0, 0, 1, 0, 2, 1
get_key_len,basic@000126b0, 6, 0, 0, 1, 0, 1, 2, 1, 1, 0, 4, 3
get_key_len,basic@000126bc, 3, 1, 0, 1, 0, 0, 0, 1, 0, 0, 2, 2
get_key_len,basic@000126c4, 3, 1, 0, 1, 0, 0, 1, 0, 0, 0, 1, 1
get_key_len,basic@00012674, 2, 0, 0, 1, 0, 0, 0, 1, 0, 0, 1, 1
get_key_len,basic@000126d4, 3, 0, 0, 1, 1, 1, 0, 0, 0, 0, 1, 1
get_key_len,basic@00012680, 3, 0, 0, 1, 0, 1, 0, 1, 0, 0, 0, 0
get_key_len,basic@0001268c, 4, 0, 0, 1, 1, 2, 0, 0, 0, 0, 2, 2
get_key_len,basic@00012688, 1, 0, 0, 1, 0, 0, 0, 0, 0, 0, 1, 1
hashtab_next,basic@000126e4, 8, 0, 0, 1, 0, 3, 0, 1, 3, 0, 6, 2
hashtab_next,basic@000126f8, 5, 0, 0, 0, 0, 2, 0, 0, 3, 0, 5, 0
hashtab_next,basic@00012708, 5, 0, 0, 1, 0, 0, 3, 1, 0, 0, 1, 1
hashtab_next,basic@0001271c, 3, 1, 0, 1, 0, 0, 0, 1, 0, 0, 1, 1
hashtab_next,basic@00012728, 2, 0, 0, 1, 0, 1, 0, 0, 0, 0, 2, 2
hashtab_next,basic@00012710, 2, 0, 0, 0, 0, 1, 0, 0, 1, 0, 3, 1
hashtab_next,basic@00012734, 6, 0, 0, 1, 0, 2, 0, 1, 2, 0, 5, 1
hashtab_next,basic@00012740, 1, 1, 0, 0, 0, 0, 0, 0, 0, 0, 1, 1
hashtab_next,basic@00012744, 5, 0, 0, 1, 0, 2, 1, 0, 1, 0, 3, 2
hashtab_init,basic@00012750, 7, 0, 0, 1, 2, 3, 0, 0, 1, 0, 6, 2
hashtab_create,basic@0001277c, 4, 0, 0, 1, 0, 1, 0, 1, 1, 0, 3, 1
hashtab_create,basic@000129ac, 15, 1, 0, 1, 2, 6, 0, 0, 5, 0, 17, 4
hashtab_create,basic@00012798, 10, 0, 0, 1, 1, 5, 0, 1, 2, 0, 5, 2
hashtab_create,basic@000127b4, 6, 1, 0, 0, 0, 5, 0, 0, 0, 0, 1, 1
hashtab_create,basic@000127c4, 10, 3, 0, 1, 0, 2, 2, 1, 1, 0, 4, 2
hashtab_create,basic@000127d4, 6, 4, 0, 0, 0, 2, 0, 0, 0, 0, 1, 0
hashtab_create,basic@000127e0, 8, 1, 0, 0, 0, 4, 2, 0, 1, 0, 3, 0
hashtab_create,basic@000127ec, 3, 0, 0, 1, 0, 0, 1, 1, 0, 0, 1, 1
hashtab_create,basic@00012800, 4, 0, 0, 1, 0, 1, 0, 1, 1, 0, 2, 0
hashtab_create,basic@0001280c, 5, 0, 0, 1, 1, 1, 0, 1, 1, 0, 3, 2
hashtab_create,basic@00012824, 4, 0, 0, 1, 0, 2, 0, 0, 1, 0, 4, 2
hashtab_create,basic@000127f4, 2, 0, 0, 0, 0, 1, 0, 0, 1, 0, 2, 0
hashtab_create,basic@00012830, 40, 5, 0, 1, 3, 21, 0, 1, 9, 0, 26, 5
hashtab_create,basic@0001288c, 3, 1, 0, 0, 0, 2, 0, 0, 0, 0, 2, 0
hashtab_create,basic@00012890, 8, 1, 0, 1, 0, 3, 0, 1, 2, 0, 6, 1
hashtab_create,basic@000128b0, 25, 5, 0, 1, 2, 8, 0, 1, 6, 2, 19, 6
hashtab_create,basic@000128f8, 2, 0, 0, 0, 0, 1, 0, 0, 1, 0, 1, 0
hashtab_create,basic@0001290c, 4, 0, 0, 0, 0, 2, 1, 0, 1, 0, 3, 1
hashtab_create,basic@00012914, 3, 0, 0, 1, 0, 0, 1, 1, 0, 0, 1, 1
hashtab_create,basic@00012918, 9, 0, 0, 1, 0, 4, 0, 1, 3, 0, 7, 2
hashtab_create,basic@0001292c, 6, 1, 0, 0, 0, 5, 0, 0, 0, 0, 1, 1
hashtab_create,basic@00012934, 10, 3, 0, 1, 0, 2, 2, 1, 1, 0, 4, 2
hashtab_create,basic@00012944, 5, 4, 0, 0, 0, 1, 0, 0, 0, 0, 1, 0
hashtab_create,basic@00012950, 23, 3, 0, 1, 0, 12, 2, 1, 4, 0, 12, 2
hashtab_create,basic@00012970, 3, 1, 0, 0, 0, 2, 0, 0, 0, 0, 2, 0
hashtab_create,basic@00012974, 2, 0, 0, 0, 0, 2, 0, 0, 0, 0, 1, 0
hashtab_create,basic@00012980, 3, 0, 0, 1, 0, 1, 0, 1, 0, 0, 0, 0
hashtab_create,basic@00012988, 3, 0, 0, 1, 1, 1, 0, 0, 0, 0, 1, 1
hashtab_create,basic@000128a8, 2, 0, 0, 1, 0, 1, 0, 0, 0, 0, 1, 1
hashtab_find,basic@000129f0, 4, 0, 0, 1, 0, 1, 0, 1, 1, 0, 3, 1
hashtab_find,basic@00012a00, 9, 0, 0, 1, 1, 4, 0, 1, 2, 0, 5, 2
hashtab_find,basic@00012a28, 6, 1, 0, 0, 0, 5, 0, 0, 0, 0, 1, 1
hashtab_find,basic@00012a38, 10, 3, 0, 1, 0, 2, 2, 1, 1, 0, 4, 2
hashtab_find,basic@00012a48, 5, 4, 0, 0, 0, 1, 0, 0, 0, 0, 1, 0
hashtab_find,basic@00012a54, 7, 1, 0, 0, 0, 4, 1, 0, 1, 0, 3, 0
hashtab_find,basic@00012a60, 3, 0, 0, 1, 0, 0, 1, 1, 0, 0, 1, 1
hashtab_find,basic@00012a74, 4, 0, 0, 1, 0, 1, 0, 1, 1, 0, 2, 0
hashtab_find,basic@00012a80, 5, 0, 0, 1, 1, 1, 0, 1, 1, 0, 3, 2
hashtab_find,basic@00012a98, 2, 0, 0, 1, 0, 1, 0, 0, 0, 0, 1, 1
hashtab_find,basic@00012a68, 2, 0, 0, 0, 0, 1, 0, 0, 1, 0, 2, 0
hashtab_find,basic@00012aa0, 2, 0, 0, 1, 0, 1, 0, 0, 0, 0, 2, 2
hashtab_get_key,basic@00012ab0, 3, 0, 0, 1, 0, 1, 0, 0, 1, 0, 3, 2
hashtab_get_value,basic@00012ab8, 3, 0, 0, 1, 0, 1, 0, 0, 1, 0, 3, 1
hashtab_set_value,basic@00012ac0, 5, 0, 0, 1, 2, 1, 0, 0, 1, 0, 3, 1
hashtab_first,basic@00012aec, 8, 0, 0, 1, 1, 3, 0, 0, 3, 0, 9, 4
hashtab_next,basic@00012b04, 4, 0, 0, 1, 0, 1, 0, 1, 1, 0, 3, 1
hashtab_next,basic@00012b3c, 2, 0, 0, 1, 1, 0, 0, 0, 0, 0, 1, 1
hashtab_next,basic@00012b10, 6, 0, 0, 1, 0, 2, 0, 1, 2, 0, 5, 1
hashtab_next,basic@00012b28, 7, 1, 0, 1, 0, 3, 0, 0, 2, 0, 6, 4
hashtab_next,basic@00012b20, 2, 0, 0, 1, 0, 1, 0, 0, 0, 0, 1, 1
hashtab_dump_keys,basic@00012b40, 11, 0, 0, 0, 1, 4, 5, 0, 1, 0, 8, 3
hashtab_dump_keys,basic@00012b74, 8, 0, 0, 1, 0, 0, 6, 1, 0, 0, 1, 1
hashtab_dump_keys,basic@00012b80, 18, 0, 0, 0, 2, 3, 10, 0, 3, 0, 17, 4
hashtab_dump_keys,basic@00012bb0, 2, 0, 0, 1, 0, 0, 0, 1, 0, 0, 0, 0
hashtab_dump_keys,basic@00012bc8, 9, 0, 0, 1, 1, 2, 5, 0, 0, 0, 6, 1
hashtab_dump_keys,basic@00012bc0, 3, 0, 0, 1, 0, 2, 0, 0, 0, 0, 1, 1
hashtab_delete,basic@00012bcc, 12, 1, 0, 1, 0, 5, 0, 1, 4, 0, 10, 2
hashtab_delete,basic@00012bec, 13, 2, 0, 0, 0, 8, 0, 0, 3, 0, 8, 0
hashtab_delete,basic@00012bf0, 4, 0, 0, 0, 0, 2, 0, 0, 2, 0, 4, 0
hashtab_delete,basic@00012c04, 5, 0, 0, 1, 0, 1, 1, 1, 1, 0, 3, 1
hashtab_delete,basic@00012c0c, 2, 0, 0, 0, 0, 1, 0, 0, 1, 0, 2, 0
hashtab_delete,basic@00012c10, 4, 0, 0, 1, 0, 1, 1, 0, 1, 0, 2, 0
hashtab_delete,basic@00012c14, 2, 0, 0, 0, 0, 1, 0, 0, 1, 0, 2, 0
hashtab_delete,basic@00012c18, 2, 0, 0, 1, 0, 0, 0, 1, 0, 0, 1, 1
hashtab_delete,basic@00012c20, 1, 0, 0, 0, 1, 0, 0, 0, 0, 0, 0, 0
hashtab_delete,basic@00012c24, 5, 0, 0, 1, 2, 1, 0, 0, 1, 0, 3, 2
utmp_init,basic@00012c38, 4, 0, 0, 1, 1, 1, 1, 0, 0, 0, 4, 2
add_utmp_file,basic@00012c5c, 4, 0, 0, 1, 1, 1, 1, 0, 0, 0, 2, 1
utmp_get_entry,basic@00012c70, 5, 0, 0, 1, 1, 2, 1, 0, 0, 0, 2, 1
print_utmp_record,basic@00012c80, 3, 0, 0, 1, 0, 1, 0, 1, 0, 0, 1, 1
print_utmp_record,basic@00012ca0, 30, 1, 0, 0, 2, 7, 14, 0, 6, 0, 34, 14
print_utmp_record,basic@00012cf8, 14, 1, 0, 1, 0, 1, 9, 1, 1, 0, 4, 3
print_utmp_record,basic@00012dac, 10, 1, 0, 1, 1, 3, 4, 0, 0, 0, 9, 2
print_utmp_record,basic@00012d04, 15, 1, 1, 1, 1, 2, 7, 1, 1, 0, 13, 9
print_utmp_record,basic@00012d20, 1, 0, 0, 0, 0, 1, 0, 0, 0, 0, 1, 1
print_utmp_record,basic@00012d28, 12, 0, 0, 1, 1, 1, 8, 1, 0, 0, 8, 7
print_utmp_record,basic@00012d34, 34, 0, 0, 0, 5, 5, 18, 0, 6, 0, 29, 8
print_utmp_record,basic@00012d94, 5, 0, 0, 1, 0, 0, 3, 1, 0, 0, 0, 0
print_utmp_record,basic@00012dd8, 6, 0, 0, 1, 1, 1, 3, 0, 0, 0, 4, 1
print_utmp_record,basic@00012da4, 2, 0, 0, 1, 0, 1, 0, 0, 0, 0, 1, 1
utmp_print_file_and_line,basic@00012ddc, 4, 0, 0, 1, 1, 1, 1, 0, 0, 0, 2, 1
fix_ut_type_field,basic@00012dec, 4, 0, 0, 1, 0, 1, 0, 1, 1, 0, 3, 0
fix_ut_type_field,basic@00012dfc, 3, 0, 0, 0, 0, 2, 0, 0, 1, 0, 4, 1
fix_ut_type_field,basic@00012e08, 2, 0, 0, 1, 0, 0, 0, 1, 0, 0, 1, 1
fix_ut_type_field,basic@00012e0c, 3, 0, 0, 0, 0, 2, 0, 0, 1, 0, 4, 1
fix_ut_type_field,basic@00012e18, 2, 0, 0, 1, 0, 0, 0, 1, 0, 0, 1, 0
fix_ut_type_field,basic@00012e9c, 5, 0, 0, 1, 1, 1, 0, 1, 1, 0, 3, 2
fix_ut_type_field,basic@00012f70, 4, 0, 0, 1, 1, 1, 0, 1, 0, 0, 2, 2
fix_ut_type_field,basic@00012f88, 5, 0, 0, 1, 0, 2, 0, 1, 1, 0, 3, 2
fix_ut_type_field,basic@00012ebc, 4, 0, 0, 1, 0, 1, 0, 1, 1, 0, 3, 1
fix_ut_type_field,basic@00012ec8, 3, 0, 0, 0, 0, 2, 0, 0, 1, 0, 4, 1
fix_ut_type_field,basic@00012ed0, 5, 0, 0, 1, 0, 2, 1, 1, 0, 0, 3, 2
fix_ut_type_field,basic@00012fb4, 4, 0, 0, 1, 1, 1, 0, 1, 0, 0, 2, 2
fix_ut_type_field,basic@00012f94, 6, 0, 0, 1, 1, 3, 0, 0, 1, 0, 5, 4
fix_ut_type_field,basic@00012e20, 5, 1, 0, 1, 0, 1, 0, 1, 1, 0, 3, 2
fix_ut_type_field,basic@00012e30, 4, 0, 0, 0, 1, 2, 0, 0, 1, 0, 2, 1
fix_ut_type_field,basic@00012e48, 2, 0, 0, 0, 0, 1, 1, 0, 0, 0, 1, 1
fix_ut_type_field,basic@00012e4c, 4, 0, 0, 1, 0, 0, 2, 1, 0, 0, 1, 1
fix_ut_type_field,basic@00012e54, 3, 0, 0, 0, 0, 2, 0, 0, 1, 0, 4, 2
fix_ut_type_field,basic@00012f38, 4, 1, 0, 1, 0, 1, 0, 0, 1, 0, 2, 1
fix_ut_type_field,basic@00012f44, 3, 0, 0, 1, 0, 1, 0, 1, 0, 0, 2, 1
fix_ut_type_field,basic@00012ee0, 5, 0, 0, 1, 0, 0, 3, 1, 0, 0, 1, 0
fix_ut_type_field,basic@00012ee8, 9, 1, 4, 1, 0, 0, 0, 3, 0, 0, 4, 2
fix_ut_type_field,basic@00012ef4, 1, 0, 0, 0, 0, 1, 0, 0, 0, 0, 1, 1
fix_ut_type_field,basic@00012ef8, 8, 0, 6, 1, 0, 0, 1, 0, 0, 0, 0, 0
fix_ut_type_field,basic@00012ef8, 1, 0, 0, 0, 0, 1, 0, 0, 0, 0, 1, 1
fix_ut_type_field,basic@00012f24, 4, 0, 0, 1, 0, 1, 0, 1, 1, 0, 3, 1
fix_ut_type_field,basic@00012f30, 2, 0, 0, 1, 0, 1, 0, 0, 0, 0, 1, 1
fix_ut_type_field,basic@00012e60, 6, 0, 0, 1, 1, 1, 1, 1, 1, 0, 3, 2
fix_ut_type_field,basic@00012e74, 4, 0, 0, 1, 0, 2, 0, 0, 1, 0, 5, 4
fix_ut_type_field,basic@00012e80, 13, 2, 4, 1, 0, 2, 0, 3, 1, 0, 6, 3
fix_ut_type_field,basic@00012e90, 1, 0, 0, 0, 0, 1, 0, 0, 0, 0, 1, 1
fix_ut_type_field,basic@00012e94, 8, 0, 6, 1, 0, 0, 1, 0, 0, 0, 0, 0
fix_ut_type_field,basic@00012e94, 1, 0, 0, 0, 0, 1, 0, 0, 0, 0, 1, 1
fix_ut_type_field,basic@00012efc, 4, 0, 0, 1, 0, 0, 2, 1, 0, 0, 1, 1
fix_ut_type_field,basic@00012f1c, 2, 0, 0, 1, 0, 1, 0, 0, 0, 0, 1, 1
fix_ut_type_field,basic@00012f04, 4, 0, 0, 1, 0, 1, 0, 1, 1, 0, 3, 1
fix_ut_type_field,basic@00012f5c, 4, 0, 0, 1, 0, 2, 0, 0, 1, 0, 5, 3
fix_ut_type_field,basic@00012f10, 4, 0, 0, 1, 0, 2, 0, 0, 1, 0, 5, 3
bad_utmp_record,basic@00012fd4, 2, 0, 0, 1, 0, 1, 0, 0, 0, 0, 2, 2
exchange,basic@00012fdc, 9, 0, 0, 0, 0, 5, 0, 0, 4, 0, 7, 1
exchange,basic@00012ff8, 7, 1, 0, 1, 0, 1, 2, 1, 0, 1, 0, 0
exchange,basic@00012ffc, 3, 1, 0, 0, 0, 1, 0, 0, 0, 1, 0, 0
exchange,basic@00013000, 8, 0, 1, 1, 0, 0, 3, 3, 0, 0, 1, 2
exchange,basic@00013004, 5, 2, 0, 1, 0, 0, 1, 1, 0, 0, 0, 0
exchange,basic@00013068, 2, 0, 0, 1, 0, 0, 0, 1, 0, 0, 1, 1
exchange,basic@00013070, 8, 3, 0, 0, 0, 2, 0, 0, 3, 0, 3, 0
exchange,basic@00013088, 12, 0, 0, 1, 0, 6, 2, 1, 2, 0, 8, 2
exchange,basic@000130a0, 2, 1, 0, 1, 0, 0, 0, 0, 0, 0, 0, 0
exchange,basic@00013014, 2, 0, 0, 1, 0, 0, 0, 1, 0, 0, 1, 1
exchange,basic@0001301c, 5, 1, 0, 0, 0, 2, 0, 0, 2, 0, 2, 0
exchange,basic@0001302c, 12, 0, 0, 1, 0, 6, 2, 1, 2, 0, 8, 2
exchange,basic@00013044, 6, 2, 0, 1, 0, 1, 0, 1, 0, 1, 0, 0
exchange,basic@0001304c, 3, 1, 0, 0, 0, 1, 0, 0, 0, 1, 0, 0
exchange,basic@00013050, 8, 0, 1, 1, 0, 0, 3, 3, 0, 0, 1, 2
exchange,basic@00013054, 7, 2, 0, 1, 0, 2, 0, 0, 2, 0, 5, 1
_getopt_internal_r,basic@000130a8, 4, 0, 0, 1, 0, 1, 0, 1, 1, 0, 3, 1
_getopt_internal_r,basic@00013360, 3, 0, 0, 1, 0, 2, 0, 0, 0, 0, 2, 1
_getopt_internal_r,basic@000130dc, 8, 0, 0, 1, 0, 3, 1, 1, 2, 0, 7, 3
_getopt_internal_r,basic@00013238, 4, 0, 0, 0, 0, 2, 1, 0, 1, 0, 5, 3
_getopt_internal_r,basic@000130f0, 4, 0, 0, 1, 0, 1, 0, 1, 1, 0, 3, 1
_getopt_internal_r,basic@00013240, 13, 0, 1, 1, 0, 4, 4, 1, 2, 0, 7, 1
_getopt_internal_r,basic@00013254, 1, 0, 0, 0, 0, 1, 0, 0, 0, 0, 1, 1
_getopt_internal_r,basic@00013258, 5, 0, 0, 1, 0, 1, 2, 0, 1, 0, 4, 1
_getopt_internal_r,basic@00013398, 5, 0, 0, 1, 1, 1, 1, 1, 0, 0, 3, 2
_getopt_internal_r,basic@000133a8, 1, 0, 0, 0, 0, 1, 0, 0, 0, 0, 1, 1
_getopt_internal_r,basic@00013260, 9, 0, 0, 1, 0, 3, 3, 1, 1, 0, 5, 0
_getopt_internal_r,basic@00013630, 5, 0, 0, 1, 0, 1, 1, 0, 2, 0, 6, 2
_getopt_internal_r,basic@00013274, 2, 0, 0, 1, 0, 0, 0, 1, 0, 0, 1, 0
_getopt_internal_r,basic@00013654, 5, 0, 0, 1, 0, 1, 1, 0, 2, 0, 6, 3
_getopt_internal_r,basic@0001327c, 5, 1, 0, 0, 0, 1, 1, 1, 1, 0, 4, 1
_getopt_internal_r,basic@0001328c, 7, 0, 0, 1, 0, 2, 3, 0, 1, 0, 5, 1
_getopt_internal_r,basic@000130fc, 5, 1, 1, 1, 0, 1, 0, 1, 0, 0, 4, 1
_getopt_internal_r,basic@0001310c, 3, 0, 0, 0, 0, 1, 0, 0, 2, 0, 5, 4
_getopt_internal_r,basic@00013120, 8, 0, 0, 1, 0, 2, 3, 1, 1, 0, 3, 0
_getopt_internal_r,basic@0001312c, 1, 0, 0, 0, 0, 1, 0, 0, 0, 0, 1, 1
_getopt_internal_r,basic@00013130, 3, 0, 0, 1, 0, 0, 1, 1, 0, 0, 1, 1
_getopt_internal_r,basic@0001313c, 3, 0, 0, 1, 0, 1, 0, 1, 0, 0, 2, 1
_getopt_internal_r,basic@000132c0, 8, 0, 0, 1, 0, 3, 0, 1, 3, 0, 6, 1
_getopt_internal_r,basic@000132d0, 3, 0, 0, 0, 0, 1, 1, 0, 1, 0, 3, 0
_getopt_internal_r,basic@000132d4, 5, 0, 0, 1, 0, 1, 1, 1, 1, 0, 2, 0
_getopt_internal_r,basic@000132dc, 3, 0, 0, 0, 0, 1, 1, 0, 1, 0, 3, 0
_getopt_internal_r,basic@000132e0, 3, 0, 0, 1, 0, 0, 1, 1, 0, 0, 1, 1
_getopt_internal_r,basic@000135b0, 7, 0, 0, 1, 0, 3, 0, 1, 2, 0, 4, 0
_getopt_internal_r,basic@00013894, 2, 0, 0, 1, 0, 0, 0, 1, 0, 0, 0, 0
_getopt_internal_r,basic@00013898, 3, 0, 0, 0, 0, 1, 1, 0, 1, 0, 3, 0
_getopt_internal_r,basic@000135c0, 2, 0, 0, 1, 0, 0, 0, 1, 0, 0, 0, 0
_getopt_internal_r,basic@000135c8, 5, 0, 0, 0, 1, 2, 1, 0, 1, 0, 3, 1
_getopt_internal_r,basic@000135d8, 5, 0, 0, 1, 0, 1, 2, 1, 0, 0, 0, 0
_getopt_internal_r,basic@000135e0, 3, 0, 0, 1, 0, 1, 0, 0, 1, 0, 1, 0
_getopt_internal_r,basic@000135fc, 8, 0, 0, 1, 0, 2, 3, 1, 1, 0, 5, 1
_getopt_internal_r,basic@0001360c, 4, 0, 0, 1, 0, 1, 0, 1, 1, 0, 4, 3
_getopt_internal_r,basic@00013618, 4, 0, 0, 1, 0, 2, 0, 0, 1, 0, 2, 1
_getopt_internal_r,basic@000135ec, 8, 1, 0, 1, 0, 3, 1, 1, 1, 0, 4, 2
_getopt_internal_r,basic@0001364c, 7, 0, 0, 1, 0, 1, 4, 0, 1, 0, 3, 0
_getopt_internal_r,basic@000132e8, 4, 0, 0, 1, 0, 0, 2, 1, 0, 0, 0, 0
_getopt_internal_r,basic@00013624, 5, 0, 0, 1, 0, 2, 0, 0, 2, 0, 4, 0
_getopt_internal_r,basic@000132f0, 5, 0, 0, 1, 0, 2, 0, 1, 1, 0, 4, 0
_getopt_internal_r,basic@00013304, 4, 0, 0, 1, 0, 1, 0, 1, 1, 0, 4, 2
_getopt_internal_r,basic@00013310, 4, 0, 0, 1, 0, 1, 0, 1, 1, 0, 4, 2
_getopt_internal_r,basic@0001331c, 10, 1, 0, 1, 0, 3, 1, 1, 3, 0, 8, 2
_getopt_internal_r,basic@000138a0, 4, 0, 0, 1, 0, 1, 1, 0, 1, 0, 3, 0
_getopt_internal_r,basic@00013334, 3, 0, 0, 1, 0, 1, 0, 1, 0, 0, 0, 0
_getopt_internal_r,basic@0001333c, 4, 0, 0, 0, 1, 1, 1, 0, 1, 0, 3, 0
_getopt_internal_r,basic@0001334c, 8, 0, 0, 0, 0, 2, 4, 0, 2, 0, 6, 1
_getopt_internal_r,basic@00013358, 5, 0, 0, 1, 0, 0, 3, 1, 0, 0, 0, 0
_getopt_internal_r,basic@0001335c, 3, 0, 0, 0, 0, 1, 1, 0, 1, 0, 3, 1
_getopt_internal_r,basic@000133b0, 6, 1, 0, 1, 0, 2, 0, 1, 1, 0, 4, 3
_getopt_internal_r,basic@000133bc, 5, 2, 0, 1, 0, 0, 0, 1, 0, 1, 4, 2
_getopt_internal_r,basic@000133d0, 1, 0, 0, 0, 0, 1, 0, 0, 0, 0, 1, 1
_getopt_internal_r,basic@000133d4, 9, 1, 0, 1, 0, 3, 2, 0, 2, 0, 5, 2
_getopt_internal_r,basic@00013370, 4, 0, 0, 1, 0, 1, 0, 1, 1, 0, 3, 1
_getopt_internal_r,basic@0001337c, 10, 1, 0, 1, 0, 4, 2, 0, 2, 0, 9, 4
_getopt_internal_r,basic@00013360, 4, 0, 0, 1, 0, 2, 1, 0, 0, 0, 2, 1
_getopt_internal_r,basic@00013148, 4, 0, 0, 1, 0, 0, 2, 1, 0, 0, 1, 1
_getopt_internal_r,basic@00013154, 12, 1, 0, 1, 0, 6, 0, 1, 3, 0, 8, 3
_getopt_internal_r,basic@00013180, 2, 0, 0, 1, 0, 0, 0, 1, 0, 0, 1, 1
_getopt_internal_r,basic@0001318c, 4, 0, 0, 1, 0, 1, 0, 1, 1, 0, 4, 2
_getopt_internal_r,basic@00013198, 4, 0, 0, 1, 1, 0, 1, 1, 0, 0, 2, 1
_getopt_internal_r,basic@00013414, 8, 1, 1, 1, 0, 2, 1, 2, 0, 0, 3, 1
_getopt_internal_r,basic@0001342c, 7, 0, 1, 1, 0, 1, 1, 2, 1, 0, 5, 3
_getopt_internal_r,basic@0001343c, 5, 0, 0, 1, 0, 1, 1, 1, 1, 0, 3, 2
_getopt_internal_r,basic@0001344c, 12, 0, 0, 1, 0, 9, 0, 0, 1, 1, 5, 4
_getopt_internal_r,basic@000134b0, 15, 0, 0, 1, 1, 4, 8, 1, 0, 0, 2, 1
_getopt_internal_r,basic@000134c8, 6, 0, 0, 1, 1, 2, 1, 1, 0, 0, 1, 1
_getopt_internal_r,basic@000134d8, 2, 0, 0, 1, 0, 0, 0, 1, 0, 0, 1, 1
_getopt_internal_r,basic@000134e0, 11, 1, 0, 1, 0, 6, 0, 1, 2, 0, 6, 4
_getopt_internal_r,basic@00013480, 2, 0, 0, 1, 0, 0, 0, 1, 0, 0, 1, 1
_getopt_internal_r,basic@0001348c, 6, 0, 0, 1, 0, 2, 0, 1, 2, 0, 4, 0
_getopt_internal_r,basic@0001358c, 6, 0, 0, 1, 0, 2, 0, 1, 2, 0, 4, 0
_getopt_internal_r,basic@0001349c, 1, 0, 0, 0, 0, 1, 0, 0, 0, 0, 1, 1
_getopt_internal_r,basic@0001359c, 6, 0, 0, 1, 0, 2, 0, 1, 2, 0, 4, 0
_getopt_internal_r,basic@000135a8, 1, 0, 0, 0, 0, 1, 0, 0, 0, 0, 1, 1
_getopt_internal_r,basic@000134a0, 11, 1, 0, 1, 0, 4, 2, 1, 2, 0, 6, 4
_getopt_internal_r,basic@000134f8, 5, 0, 0, 1, 0, 0, 4, 0, 0, 0, 0, 0
_getopt_internal_r,basic@00013510, 2, 0, 0, 1, 0, 0, 0, 1, 0, 0, 1, 1
_getopt_internal_r,basic@0001351c, 10, 0, 0, 0, 1, 6, 1, 0, 2, 0, 8, 3
_getopt_internal_r,basic@00013558, 22, 1, 0, 1, 1, 8, 7, 0, 4, 0, 15, 6
_getopt_internal_r,basic@0001366c, 3, 0, 0, 1, 0, 1, 0, 1, 0, 0, 1, 1
_getopt_internal_r,basic@000138ac, 3, 0, 0, 1, 0, 0, 1, 1, 0, 0, 1, 1
_getopt_internal_r,basic@000139d8, 2, 0, 0, 1, 0, 0, 0, 1, 0, 0, 1, 0
_getopt_internal_r,basic@00013af8, 2, 0, 0, 1, 0, 0, 0, 1, 0, 0, 1, 1
_getopt_internal_r,basic@000139e4, 4, 0, 0, 1, 1, 0, 1, 1, 0, 0, 2, 1
_getopt_internal_r,basic@000131ac, 13, 1, 0, 1, 1, 4, 3, 1, 2, 0, 9, 3
_getopt_internal_r,basic@000131d0, 6, 1, 0, 0, 0, 2, 1, 0, 2, 0, 6, 3
_getopt_internal_r,basic@000131dc, 9, 0, 4, 1, 0, 0, 1, 3, 0, 0, 3, 1
_getopt_internal_r,basic@000132a0, 2, 0, 0, 1, 0, 0, 0, 1, 0, 0, 1, 1
_getopt_internal_r,basic@000133e4, 5, 0, 0, 1, 1, 2, 1, 0, 0, 0, 4, 2
_getopt_internal_r,basic@000132ac, 7, 0, 0, 1, 0, 3, 2, 0, 1, 0, 5, 2
_getopt_internal_r,basic@000131ec, 5, 0, 0, 1, 0, 2, 0, 1, 1, 0, 5, 2
_getopt_internal_r,basic@00013788, 2, 0, 0, 1, 0, 0, 0, 1, 0, 0, 1, 0
_getopt_internal_r,basic@000131fc, 2, 0, 0, 1, 0, 0, 0, 1, 0, 0, 1, 0
_getopt_internal_r,basic@000132b4, 3, 0, 0, 1, 0, 2, 0, 0, 0, 0, 1, 1
_getopt_internal_r,basic@00013204, 5, 0, 0, 1, 0, 2, 0, 1, 1, 0, 5, 1
_getopt_internal_r,basic@00013980, 2, 0, 0, 1, 0, 0, 0, 1, 0, 0, 1, 1
_getopt_internal_r,basic@00013984, 10, 1, 0, 0, 0, 4, 2, 0, 3, 0, 9, 3
_getopt_internal_r,basic@0001398c, 3, 0, 0, 0, 0, 1, 1, 0, 1, 0, 4, 1
_getopt_internal_r,basic@00013214, 4, 0, 0, 1, 0, 1, 0, 1, 1, 0, 3, 2
_getopt_internal_r,basic@00013960, 2, 0, 0, 1, 0, 0, 0, 1, 0, 0, 0, 0
_getopt_internal_r,basic@00013b3c, 2, 0, 0, 1, 0, 0, 0, 1, 0, 0, 1, 1
_getopt_internal_r,basic@00013cd4, 5, 0, 0, 1, 1, 2, 1, 0, 0, 0, 4, 2
_getopt_internal_r,basic@00013b48, 7, 0, 0, 1, 0, 2, 2, 1, 1, 0, 5, 0
_getopt_internal_r,basic@00013b58, 1, 0, 0, 0, 0, 1, 0, 0, 0, 0, 1, 0
_getopt_internal_r,basic@00013b5c, 1, 0, 0, 0, 0, 1, 0, 0, 0, 0, 1, 1
_getopt_internal_r,basic@00013968, 10, 1, 0, 1, 0, 3, 2, 0, 3, 0, 9, 2
_getopt_internal_r,basic@00013220, 8, 1, 0, 0, 0, 3, 2, 0, 2, 0, 7, 2
_getopt_internal_r,basic@0001322c, 8, 0, 0, 1, 0, 3, 3, 0, 1, 0, 5, 2
_getopt_internal_r,basic@00013790, 5, 0, 0, 1, 0, 2, 0, 1, 1, 0, 4, 2
_getopt_internal_r,basic@00013ad8, 2, 0, 0, 1, 0, 0, 0, 1, 0, 0, 0, 0
_getopt_internal_r,basic@00013c00, 2, 0, 0, 1, 0, 0, 0, 1, 0, 0, 1, 1
_getopt_internal_r,basic@00013c0c, 4, 0, 0, 0, 1, 2, 1, 0, 0, 0, 4, 2
_getopt_internal_r,basic@00013c38, 7, 0, 0, 1, 0, 2, 2, 1, 1, 0, 5, 0
_getopt_internal_r,basic@000132b4, 3, 0, 0, 1, 0, 2, 0, 0, 0, 0, 2, 2
_getopt_internal_r,basic@000132b4, 3, 0, 0, 1, 0, 2, 0, 0, 0, 0, 2, 1
_getopt_internal_r,basic@00013ae0, 12, 1, 0, 1, 0, 5, 2, 0, 3, 0, 9, 2
_getopt_internal_r,basic@000137a0, 8, 1, 0, 0, 0, 3, 2, 0, 2, 0, 7, 2
_getopt_internal_r,basic@000137b0, 12, 0, 1, 1, 0, 4, 3, 2, 1, 0, 6, 2
_getopt_internal_r,basic@000137c8, 8, 0, 1, 1, 0, 2, 1, 2, 1, 0, 5, 3
_getopt_internal_r,basic@000137dc, 6, 0, 0, 1, 0, 1, 2, 1, 1, 0, 3, 2
_getopt_internal_r,basic@000137ec, 9, 0, 0, 1, 0, 6, 0, 0, 1, 1, 5, 5
_getopt_internal_r,basic@00013854, 15, 0, 0, 1, 1, 4, 8, 1, 0, 0, 2, 1
_getopt_internal_r,basic@00013870, 7, 0, 0, 1, 1, 3, 1, 1, 0, 0, 1, 0
_getopt_internal_r,basic@00013880, 3, 0, 0, 1, 0, 1, 0, 1, 0, 0, 1, 1
_getopt_internal_r,basic@00013824, 2, 0, 0, 1, 0, 0, 0, 1, 0, 0, 1, 1
_getopt_internal_r,basic@00013830, 6, 0, 0, 1, 0, 2, 0, 1, 2, 0, 4, 0
_getopt_internal_r,basic@00013a40, 6, 0, 0, 1, 0, 2, 0, 1, 2, 0, 4, 0
_getopt_internal_r,basic@00013840, 3, 0, 0, 0, 0, 3, 0, 0, 0, 0, 1, 1
_getopt_internal_r,basic@00013a50, 8, 0, 0, 1, 0, 4, 0, 1, 2, 0, 4, 0
_getopt_internal_r,basic@00013a5c, 3, 0, 0, 0, 0, 3, 0, 0, 0, 0, 1, 1
_getopt_internal_r,basic@00013844, 12, 1, 0, 1, 0, 3, 4, 1, 2, 0, 6, 4
_getopt_internal_r,basic@00013a64, 1, 0, 0, 1, 0, 0, 0, 0, 0, 0, 0, 0
_getopt_internal_r,basic@00013a78, 2, 0, 0, 1, 0, 0, 0, 1, 0, 0, 1, 1
_getopt_internal_r,basic@00013a84, 7, 0, 0, 0, 1, 4, 1, 0, 1, 0, 6, 2
_getopt_internal_r,basic@000132b4, 19, 1, 0, 1, 1, 7, 5, 0, 4, 0, 13, 6
_getopt_internal_r,basic@00013bec, 3, 0, 0, 1, 0, 1, 0, 1, 0, 0, 1, 1
_getopt_internal_r,basic@000132b4, 7, 0, 0, 1, 0, 3, 2, 0, 1, 0, 6, 2
_getopt_internal_r,basic@00013b70, 5, 0, 0, 1, 0, 0, 3, 1, 0, 0, 1, 1
_getopt_internal_r,basic@00013b78, 4, 0, 0, 1, 0, 1, 0, 1, 1, 0, 3, 1
_getopt_internal_r,basic@00013b90, 2, 0, 0, 1, 0, 0, 0, 1, 0, 0, 1, 1
_getopt_internal_r,basic@00013d04, 7, 0, 0, 1, 1, 3, 1, 0, 1, 0, 6, 4
_getopt_internal_r,basic@000132b4, 12, 0, 0, 1, 1, 4, 3, 0, 3, 0, 9, 3
_getopt_internal_r,basic@00013b80, 5, 0, 0, 0, 0, 2, 1, 0, 2, 0, 5, 2
_getopt_internal_r,basic@00013c54, 4, 0, 0, 1, 0, 1, 0, 1, 1, 0, 3, 1
_getopt_internal_r,basic@00013c5c, 3, 0, 0, 0, 0, 1, 1, 0, 1, 0, 4, 2
_getopt_internal_r,basic@00013c64, 4, 0, 0, 1, 0, 1, 0, 1, 1, 0, 2, 1
_getopt_internal_r,basic@00013c70, 9, 1, 0, 0, 0, 3, 2, 0, 3, 0, 9, 2
_getopt_internal_r,basic@00013c84, 11, 0, 0, 1, 1, 3, 3, 1, 2, 0, 6, 3
_getopt_internal_r,basic@00013c9c, 2, 0, 0, 0, 0, 1, 1, 0, 0, 0, 2, 2
_getopt_internal_r,basic@00013ca0, 5, 0, 0, 1, 0, 1, 1, 1, 1, 0, 3, 1
_getopt_internal_r,basic@000132b4, 5, 0, 0, 1, 0, 3, 0, 0, 1, 0, 3, 1
_getopt_internal_r,basic@000132b4, 7, 0, 0, 1, 0, 4, 1, 0, 1, 0, 6, 2
_getopt_internal_r,basic@00013d38, 2, 0, 0, 1, 0, 0, 0, 1, 0, 0, 1, 1
_getopt_internal_r,basic@00013d44, 6, 0, 0, 0, 1, 3, 1, 0, 1, 0, 6, 3
_getopt_internal_r,basic@00013d70, 10, 0, 0, 0, 1, 3, 3, 0, 3, 0, 8, 1
_getopt_internal_r,basic@000139f8, 2, 0, 0, 1, 0, 0, 0, 1, 0, 0, 1, 1
_getopt_internal_r,basic@000138b8, 2, 0, 0, 1, 0, 0, 0, 1, 0, 0, 1, 1
_getopt_internal_r,basic@000138c4, 2, 0, 0, 1, 0, 0, 0, 1, 0, 0, 1, 0
_getopt_internal_r,basic@00013b04, 8, 0, 0, 1, 1, 4, 1, 0, 1, 0, 6, 3
_getopt_internal_r,basic@000138d0, 9, 0, 0, 0, 1, 5, 2, 0, 1, 0, 7, 3
_getopt_internal_r,basic@000132b4, 17, 1, 0, 1, 0, 7, 5, 0, 3, 0, 14, 5
_getopt_internal_r,basic@0001367c, 11, 1, 0, 1, 0, 3, 4, 1, 1, 0, 6, 3
_getopt_internal_r,basic@00013694, 4, 0, 0, 1, 0, 1, 0, 1, 1, 0, 3, 1
_getopt_internal_r,basic@000136a8, 2, 0, 0, 1, 0, 0, 0, 1, 0, 0, 1, 1
_getopt_internal_r,basic@000136b4, 7, 0, 0, 1, 0, 3, 0, 1, 2, 0, 6, 2
_getopt_internal_r,basic@00013a08, 10, 0, 0, 1, 1, 5, 1, 0, 2, 0, 8, 3
_getopt_internal_r,basic@000136cc, 10, 0, 0, 0, 1, 6, 1, 0, 2, 0, 9, 3
_getopt_internal_r,basic@000132b4, 18, 0, 0, 1, 1, 7, 5, 0, 4, 0, 12, 3
_getopt_internal_r,basic@0001369c, 5, 0, 0, 0, 0, 2, 1, 0, 2, 0, 5, 2
_getopt_internal_r,basic@0001373c, 4, 0, 0, 1, 0, 1, 0, 1, 1, 0, 3, 1
_getopt_internal_r,basic@00013934, 2, 0, 0, 1, 0, 0, 0, 1, 0, 0, 0, 0
_getopt_internal_r,basic@0001393c, 13, 2, 0, 1, 0, 5, 2, 0, 3, 0, 10, 2
_getopt_internal_r,basic@00013748, 11, 0, 0, 1, 1, 3, 3, 1, 2, 0, 6, 3
_getopt_internal_r,basic@00013764, 2, 0, 0, 0, 0, 1, 1, 0, 0, 0, 2, 1
_getopt_internal_r,basic@00013768, 5, 0, 0, 1, 0, 1, 1, 1, 1, 0, 3, 1
_getopt_internal_r,basic@000132b4, 7, 0, 0, 1, 0, 4, 1, 0, 1, 0, 6, 2
_getopt_internal_r,basic@000132b4, 5, 0, 0, 1, 0, 3, 0, 0, 1, 0, 3, 1
_getopt_internal_r,basic@0001399c, 2, 0, 0, 1, 0, 0, 0, 1, 0, 0, 1, 1
_getopt_internal_r,basic@00013bb8, 10, 0, 0, 1, 1, 5, 1, 0, 2, 0, 8, 3
_getopt_internal_r,basic@000139a8, 16, 0, 0, 0, 1, 6, 5, 0, 4, 0, 11, 1
_getopt_internal_r,basic@00013d90, 4, 0, 0, 1, 0, 0, 2, 1, 0, 0, 1, 0
_getopt_internal_r,basic@000132b4, 3, 0, 0, 1, 0, 2, 0, 0, 0, 0, 2, 1
_getopt_internal_r,basic@000132b0, 3, 0, 0, 1, 0, 2, 0, 0, 0, 0, 2, 2
rpl_getopt_internal,basic@00013dd8, 24, 0, 0, 1, 1, 13, 8, 0, 1, 0, 11, 11
rpl_getopt,basic@00013e78, 2, 0, 0, 1, 1, 0, 0, 0, 0, 0, 5, 5
rpl_getopt_long,basic@00013ea0, 2, 0, 0, 1, 1, 0, 0, 0, 0, 0, 3, 4
_getopt_long_r,basic@00013ec8, 2, 0, 0, 1, 1, 0, 0, 0, 0, 0, 3, 4
rpl_getopt_long_only,basic@00013ef0, 2, 0, 0, 1, 1, 0, 0, 0, 0, 0, 3, 4
_getopt_long_only_r,basic@00013f1c, 2, 0, 0, 1, 1, 0, 0, 0, 0, 0, 3, 4
ranged_convert,basic@00013f50, 3, 0, 0, 1, 1, 0, 0, 1, 0, 0, 1, 1
ranged_convert,basic@00013f70, 1, 0, 0, 1, 0, 0, 0, 0, 0, 0, 1, 1
ranged_convert,basic@00013f74, 6, 0, 0, 1, 0, 4, 0, 1, 0, 0, 2, 1
ranged_convert,basic@00013fb4, 20, 4, 0, 1, 0, 9, 3, 1, 2, 0, 5, 5
ranged_convert,basic@00013fc8, 14, 4, 0, 0, 0, 7, 0, 0, 3, 0, 6, 2
ranged_convert,basic@00013f90, 4, 0, 0, 1, 0, 0, 2, 1, 0, 0, 0, 0
ranged_convert,basic@00013fdc, 4, 0, 0, 1, 0, 2, 0, 1, 0, 0, 1, 1
ranged_convert,basic@00013fe4, 1, 0, 0, 0, 0, 1, 0, 0, 0, 0, 1, 1
ranged_convert,basic@00013fe8, 3, 0, 0, 1, 0, 0, 1, 1, 0, 0, 1, 1
ranged_convert,basic@00013fec, 1, 0, 0, 0, 0, 1, 0, 0, 0, 0, 1, 1
ranged_convert,basic@00013ff0, 3, 0, 0, 1, 0, 0, 1, 1, 0, 0, 1, 1
ranged_convert,basic@00013ff4, 1, 0, 0, 1, 0, 0, 0, 0, 0, 0, 1, 1
ranged_convert,basic@00013ff8, 4, 0, 0, 1, 1, 2, 0, 0, 0, 0, 2, 1
ranged_convert,basic@00013f94, 7, 0, 0, 1, 1, 4, 0, 1, 0, 0, 2, 1
ranged_convert,basic@00013fa8, 2, 0, 0, 0, 0, 2, 0, 0, 0, 0, 0, 0
ranged_convert,basic@00013f88, 1, 0, 0, 1, 0, 0, 0, 0, 0, 0, 2, 2
guess_time_tm,basic@00014010, 2, 0, 0, 1, 0, 0, 0, 1, 0, 0, 1, 1
guess_time_tm,basic@00014024, 12, 5, 2, 1, 0, 2, 0, 1, 1, 0, 10, 1
guess_time_tm,basic@00014058, 1, 1, 0, 0, 0, 0, 0, 0, 0, 0, 1, 0
guess_time_tm,basic@0001405c, 3, 0, 0, 1, 0, 0, 1, 1, 0, 0, 1, 1
guess_time_tm,basic@0001406c, 1, 1, 0, 0, 0, 0, 0, 0, 0, 0, 1, 0
guess_time_tm,basic@00014070, 45, 31, 0, 1, 0, 6, 1, 2, 3, 1, 23, 2
guess_time_tm,basic@00014104, 1, 0, 0, 1, 0, 0, 0, 0, 0, 0, 1, 1
guess_time_tm,basic@00014108, 3, 0, 0, 1, 0, 1, 0, 1, 0, 0, 1, 1
guess_time_tm,basic@00014128, 3, 0, 0, 1, 0, 1, 0, 1, 0, 0, 1, 0
guess_time_tm,basic@00014130, 4, 1, 0, 1, 0, 1, 0, 0, 1, 0, 3, 3
guess_time_tm,basic@00014138, 2, 0, 0, 1, 0, 1, 0, 0, 0, 0, 2, 1
guess_time_tm,basic@00014110, 11, 1, 1, 1, 0, 2, 0, 3, 2, 1, 7, 1
guess_time_tm,basic@00014118, 5, 1, 0, 1, 0, 1, 0, 0, 2, 0, 5, 1
guess_time_tm,basic@00014120, 2, 0, 0, 1, 0, 1, 0, 0, 0, 0, 2, 1
mktime_internal,basic@00014140, 20, 11, 0, 1, 0, 4, 0, 1, 3, 0, 12, 1
mktime_internal,basic@000141a8, 1, 0, 1, 0, 0, 0, 0, 0, 0, 0, 1, 1
mktime_internal,basic@000141ac, 7, 0, 1, 1, 0, 2, 1, 1, 1, 0, 4, 2
mktime_internal,basic@000141c0, 1, 0, 0, 0, 0, 1, 0, 0, 0, 0, 1, 1
mktime_internal,basic@000141c4, 9, 0, 1, 1, 0, 3, 1, 0, 3, 0, 6, 0
mktime_internal,basic@000141dc, 6, 2, 0, 1, 0, 2, 0, 1, 0, 0, 3, 1
mktime_internal,basic@000141fc, 4, 2, 1, 0, 0, 0, 0, 0, 0, 1, 4, 2
mktime_internal,basic@00014200, 1, 0, 0, 0, 0, 1, 0, 0, 0, 0, 1, 1
mktime_internal,basic@00014210, 19, 9, 0, 1, 0, 5, 1, 1, 2, 0, 10, 4
mktime_internal,basic@00014508, 3, 0, 0, 1, 0, 2, 0, 0, 0, 0, 1, 1
mktime_internal,basic@00014254, 4, 0, 0, 1, 0, 2, 0, 1, 0, 0, 1, 0
mktime_internal,basic@0001425c, 1, 0, 0, 0, 0, 1, 0, 0, 0, 0, 1, 0
mktime_internal,basic@00014264, 7, 3, 0, 1, 0, 1, 1, 1, 0, 0, 4, 2
mktime_internal,basic@00014288, 1, 1, 0, 0, 0, 0, 0, 0, 0, 0, 1, 0
mktime_internal,basic@0001428c, 32, 28, 0, 1, 0, 1, 1, 1, 0, 0, 16, 1
mktime_internal,basic@000142fc, 1, 0, 0, 0, 0, 0, 0, 0, 0, 1, 0, 0
mktime_internal,basic@00014300, 4, 0, 0, 1, 0, 1, 1, 1, 0, 0, 1, 0
mktime_internal,basic@00014308, 6, 2, 0, 1, 0, 1, 0, 1, 0, 1, 2, 1
mktime_internal,basic@00014318, 1, 0, 0, 0, 0, 0, 0, 0, 0, 1, 0, 0
mktime_internal,basic@0001431c, 3, 0, 0, 1, 0, 0, 1, 1, 0, 0, 1, 0
mktime_internal,basic@00014324, 2, 2, 0, 0, 0, 0, 0, 0, 0, 0, 0, 0
mktime_internal,basic@0001433c, 11, 0, 0, 1, 0, 6, 2, 0, 2, 0, 4, 3
mktime_internal,basic@00014398, 59, 0, 0, 1, 2, 4, 51, 1, 0, 0, 32, 0
mktime_internal,basic@0001452c, 4, 1, 0, 1, 0, 0, 0, 1, 0, 1, 1, 0
mktime_internal,basic@00014540, 1, 0, 0, 0, 0, 1, 0, 0, 0, 0, 1, 1
mktime_internal,basic@00014544, 3, 0, 0, 1, 0, 0, 1, 1, 0, 0, 1, 1
mktime_internal,basic@0001454c, 1, 0, 0, 0, 0, 1, 0, 0, 0, 0, 1, 1
mktime_internal,basic@00014554, 4, 0, 0, 1, 0, 1, 1, 1, 0, 0, 1, 1
mktime_internal,basic@00014560, 4, 0, 0, 1, 0, 1, 0, 0, 2, 0, 3, 2
mktime_internal,basic@000145e0, 22, 1, 0, 1, 0, 2, 17, 1, 0, 0, 0, 0
mktime_internal,basic@000145f0, 20, 0, 0, 1, 1, 1, 16, 1, 0, 0, 16, 0
mktime_internal,basic@000145a0, 21, 1, 0, 1, 0, 2, 16, 1, 0, 0, 0, 0
mktime_internal,basic@000145b0, 20, 0, 0, 1, 1, 1, 16, 1, 0, 0, 16, 0
mktime_internal,basic@0001460c, 51, 0, 0, 1, 2, 3, 45, 0, 0, 0, 30, 0
mktime_internal,basic@000145d0, 21, 1, 0, 1, 0, 1, 17, 1, 0, 0, 2, 0
mktime_internal,basic@000143d8, 2, 0, 0, 1, 0, 0, 0, 1, 0, 0, 0, 0
mktime_internal,basic@000143e0, 2, 0, 0, 1, 0, 0, 0, 1, 0, 0, 0, 0
mktime_internal,basic@000143ec, 2, 0, 0, 1, 0, 0, 0, 1, 0, 0, 1, 1
mktime_internal,basic@000143f8, 4, 0, 0, 1, 0, 1, 0, 2, 0, 0, 2, 2
mktime_internal,basic@00014514, 3, 0, 0, 1, 0, 1, 0, 1, 0, 0, 1, 1
mktime_internal,basic@0001451c, 1, 0, 0, 0, 0, 1, 0, 0, 0, 0, 1, 1
mktime_internal,basic@00014520, 3, 0, 0, 1, 0, 0, 1, 1, 0, 0, 0, 0
mktime_internal,basic@00014404, 4, 1, 0, 1, 0, 1, 0, 1, 0, 0, 1, 1
mktime_internal,basic@00014410, 1, 0, 0, 0, 0, 1, 0, 0, 0, 0, 1, 1
mktime_internal,basic@00014414, 3, 0, 0, 1, 0, 0, 1, 1, 0, 0, 0, 0
mktime_internal,basic@00014428, 23, 2, 0, 1, 0, 2, 17, 1, 0, 0, 2, 0
mktime_internal,basic@00014450, 12, 6, 1, 1, 0, 1, 0, 3, 0, 0, 4, 1
mktime_internal,basic@00014488, 1, 0, 1, 0, 0, 0, 0, 0, 0, 0, 1, 1
mktime_internal,basic@0001448c, 3, 0, 0, 1, 0, 0, 1, 1, 0, 0, 0, 0
mktime_internal,basic@00014494, 1, 0, 1, 0, 0, 0, 0, 0, 0, 0, 1, 1
mktime_internal,basic@00014498, 21, 0, 1, 1, 1, 0, 16, 1, 1, 0, 17, 2
mktime_internal,basic@000144b4, 1, 0, 0, 0, 0, 1, 0, 0, 0, 0, 1, 1
mktime_internal,basic@000144b8, 4, 0, 0, 1, 0, 1, 1, 1, 0, 0, 1, 1
mktime_internal,basic@000144c4, 50, 0, 0, 1, 0, 11, 27, 0, 11, 0, 33, 3
mktime_internal,basic@00014374, 3, 1, 0, 1, 0, 0, 0, 1, 0, 0, 2, 1
mktime_internal,basic@0001437c, 3, 0, 0, 1, 0, 1, 0, 1, 0, 0, 1, 1
mktime_internal,basic@0001438c, 1, 0, 0, 0, 0, 1, 0, 0, 0, 0, 1, 1
mktime_internal,basic@00014390, 4, 0, 0, 0, 0, 3, 1, 0, 0, 0, 0, 0
mktime_internal,basic@000144e4, 5, 0, 0, 0, 0, 1, 4, 0, 0, 0, 1, 0
mktime_internal,basic@000144e8, 8, 0, 0, 1, 0, 1, 5, 1, 0, 0, 0, 0
mktime_internal,basic@00014500, 2, 0, 0, 1, 0, 1, 0, 0, 0, 0, 1, 1
mktime_internal,basic@0001465c, 7, 0, 0, 1, 1, 1, 4, 0, 0, 0, 5, 1
rpl_mktime,basic@0001466c, 4, 0, 0, 1, 1, 0, 0, 0, 2, 0, 5, 3
xmalloc,basic@00014694, 5, 1, 0, 1, 1, 0, 0, 1, 0, 1, 3, 2
xmalloc,basic@000146ac, 1, 0, 0, 0, 0, 1, 0, 0, 0, 0, 1, 1
xmalloc,basic@000146b0, 3, 0, 0, 1, 0, 0, 1, 1, 0, 0, 1, 1
xmalloc,basic@000146b8, 2, 0, 0, 1, 1, 0, 0, 0, 0, 0, 1, 1
xmalloc,basic@000146b4, 1, 0, 0, 1, 0, 0, 0, 0, 0, 0, 1, 1
xrealloc,basic@000146bc, 5, 1, 0, 1, 1, 0, 0, 1, 0, 1, 3, 2
xrealloc,basic@000146d4, 1, 0, 0, 0, 0, 1, 0, 0, 0, 0, 1, 1
xrealloc,basic@000146d8, 3, 0, 0, 1, 0, 0, 1, 1, 0, 0, 1, 1
xrealloc,basic@000146e0, 2, 0, 0, 1, 1, 0, 0, 0, 0, 0, 1, 1
xrealloc,basic@000146dc, 1, 0, 0, 1, 0, 0, 0, 0, 0, 0, 1, 1
x2realloc,basic@000146e4, 3, 0, 0, 1, 0, 1, 0, 1, 0, 0, 2, 1
x2realloc,basic@0001471c, 2, 0, 0, 1, 0, 0, 0, 1, 0, 0, 1, 1
x2realloc,basic@00014720, 1, 0, 0, 0, 0, 1, 0, 0, 0, 0, 1, 0
x2realloc,basic@00014724, 4, 0, 0, 1, 1, 1, 1, 0, 0, 0, 3, 2
x2realloc,basic@000146f4, 2, 0, 0, 1, 0, 0, 0, 1, 0, 0, 1, 0
x2realloc,basic@00014700, 6, 3, 0, 1, 1, 1, 0, 0, 0, 0, 4, 3
x2realloc,basic@00014734, 2, 0, 0, 1, 1, 0, 0, 0, 0, 0, 1, 1
xzalloc,basic@00014738, 3, 0, 0, 1, 2, 0, 0, 0, 0, 0, 2, 2
xcalloc,basic@00014754, 3, 0, 0, 1, 1, 0, 0, 1, 0, 0, 1, 1
xcalloc,basic@00014764, 2, 0, 0, 1, 1, 0, 0, 0, 0, 0, 1, 1
xcalloc,basic@00014760, 1, 0, 0, 1, 0, 0, 0, 0, 0, 0, 1, 1
xmemdup,basic@00014768, 3, 0, 0, 1, 2, 0, 0, 0, 0, 0, 1, 1
xstrdup,basic@0001478c, 5, 1, 0, 1, 2, 1, 0, 0, 0, 0, 2, 2
xalloc_die,basic@000147a8, 8, 0, 0, 1, 2, 2, 2, 0, 1, 0, 7, 4
__aeabi_ldivmod,basic@000147ec, 4, 0, 1, 1, 0, 0, 0, 2, 0, 0, 2, 2
__aeabi_ldivmod,basic@000147f8, 3, 0, 0, 1, 0, 0, 0, 2, 0, 0, 2, 2
__aeabi_ldivmod,basic@000147fc, 2, 0, 0, 0, 0, 2, 0, 0, 0, 0, 2, 1
__aeabi_ldivmod,basic@00014808, 3, 0, 1, 1, 0, 0, 0, 1, 0, 0, 1, 1
__aeabi_ldivmod,basic@0001480c, 2, 0, 0, 0, 0, 2, 0, 0, 0, 0, 2, 0
__aeabi_ldivmod,basic@00014814, 4, 0, 0, 1, 1, 0, 2, 0, 0, 0, 1, 1
__aeabi_ldivmod,basic@00014818, 5, 0, 0, 1, 1, 2, 0, 0, 1, 0, 3, 5
__aeabi_idiv0,basic@00014834, 2, 0, 0, 1, 1, 0, 0, 0, 0, 0, 2, 1
__gnu_ldivmod_helper,basic@00014844, 25, 6, 0, 1, 1, 15, 0, 1, 1, 0, 9, 11
__gnu_uldivmod_helper,basic@00014880, 25, 6, 0, 1, 1, 15, 0, 1, 1, 0, 9, 11
__divdi3,basic@000148bc, 3, 0, 0, 1, 0, 1, 0, 1, 0, 0, 1, 1
__divdi3,basic@000148cc, 1, 0, 0, 0, 0, 1, 0, 0, 0, 0, 1, 1
__divdi3,basic@000148dc, 6, 2, 0, 0, 0, 1, 0, 1, 0, 2, 2, 1
__divdi3,basic@000148f0, 6, 0, 0, 1, 0, 1, 3, 1, 0, 0, 1, 1
__divdi3,basic@000148f8, 6, 2, 0, 0, 0, 0, 0, 1, 0, 3, 1, 1
__divdi3,basic@0001490c, 5, 0, 0, 1, 0, 0, 3, 1, 0, 0, 1, 1
__divdi3,basic@00014b48, 2, 0, 0, 1, 0, 0, 0, 1, 0, 0, 0, 0
__divdi3,basic@00014b50, 3, 0, 0, 1, 0, 0, 0, 1, 0, 1, 2, 2
__divdi3,basic@00014b7c, 26, 14, 10, 1, 0, 0, 0, 1, 0, 0, 11, 0
__divdi3,basic@00014bbc, 6, 1, 2, 1, 0, 0, 0, 1, 0, 1, 0, 0
__divdi3,basic@00014bd8, 2, 2, 0, 0, 0, 0, 0, 0, 0, 0, 1, 0
__divdi3,basic@00014bdc, 1, 1, 0, 0, 0, 0, 0, 0, 0, 0, 1, 1
__divdi3,basic@00014be4, 12, 6, 2, 1, 0, 0, 2, 1, 0, 0, 2, 0
__divdi3,basic@00014c04, 6, 1, 2, 1, 0, 0, 0, 1, 0, 1, 0, 0
__divdi3,basic@00014c20, 2, 2, 0, 0, 0, 0, 0, 0, 0, 0, 1, 0
__divdi3,basic@00014c24, 1, 1, 0, 0, 0, 0, 0, 0, 0, 0, 1, 1
__divdi3,basic@00014c2c, 15, 6, 1, 1, 0, 3, 2, 2, 0, 0, 4, 2
__divdi3,basic@00014c40, 5, 2, 1, 1, 0, 0, 0, 1, 0, 0, 1, 0
__divdi3,basic@00014c4c, 1, 0, 0, 0, 0, 1, 0, 0, 0, 0, 1, 1
__divdi3,basic@00014c54, 3, 0, 0, 1, 0, 0, 1, 1, 0, 0, 1, 1
__divdi3,basic@00014c5c, 1, 1, 0, 0, 0, 0, 0, 0, 0, 0, 1, 1
__divdi3,basic@00014b5c, 3, 0, 0, 1, 0, 0, 0, 2, 0, 0, 0, 0
__divdi3,basic@00014b60, 1, 0, 0, 0, 0, 0, 0, 1, 0, 0, 0, 0
__divdi3,basic@00014b64, 2, 0, 0, 1, 0, 0, 1, 0, 0, 0, 0, 0
__divdi3,basic@00014b64, 2, 0, 0, 0, 0, 2, 0, 0, 0, 0, 1, 1
__divdi3,basic@00014c6c, 2, 0, 0, 0, 0, 2, 0, 0, 0, 0, 1, 1
__divdi3,basic@00014920, 2, 0, 0, 1, 0, 0, 0, 1, 0, 0, 0, 0
__divdi3,basic@000149dc, 2, 0, 0, 1, 0, 0, 0, 1, 0, 0, 1, 1
__divdi3,basic@000149e0, 1, 1, 0, 0, 0, 0, 0, 0, 0, 0, 2, 2
__divdi3,basic@000149e8, 4, 0, 0, 1, 0, 0, 1, 1, 0, 1, 2, 2
__divdi3,basic@000149f0, 3, 1, 0, 0, 0, 2, 0, 0, 0, 0, 1, 1
__divdi3,basic@000149fc, 23, 13, 8, 1, 0, 0, 0, 1, 0, 0, 10, 0
__divdi3,basic@00014a38, 6, 1, 2, 1, 0, 0, 0, 1, 0, 1, 0, 0
__divdi3,basic@00014a54, 2, 2, 0, 0, 0, 0, 0, 0, 0, 0, 1, 0
__divdi3,basic@00014a58, 1, 1, 0, 0, 0, 0, 0, 0, 0, 0, 1, 1
__divdi3,basic@00014a60, 12, 6, 2, 1, 0, 0, 2, 1, 0, 0, 2, 0
__divdi3,basic@00014a80, 6, 1, 2, 1, 0, 0, 0, 1, 0, 1, 0, 0
__divdi3,basic@00014a9c, 2, 2, 0, 0, 0, 0, 0, 0, 0, 0, 1, 0
__divdi3,basic@00014aa0, 1, 1, 0, 0, 0, 0, 0, 0, 0, 0, 1, 1
__divdi3,basic@00014aa8, 5, 2, 1, 0, 0, 0, 2, 0, 0, 0, 1, 0
__divdi3,basic@00014ab0, 15, 7, 2, 1, 0, 0, 4, 1, 0, 0, 4, 0
__divdi3,basic@00014ad4, 6, 1, 2, 1, 0, 0, 0, 1, 0, 1, 0, 0
__divdi3,basic@00014af0, 2, 2, 0, 0, 0, 0, 0, 0, 0, 0, 1, 0
__divdi3,basic@00014af4, 1, 1, 0, 0, 0, 0, 0, 0, 0, 0, 1, 1
__divdi3,basic@00014afc, 12, 6, 2, 1, 0, 0, 2, 1, 0, 0, 2, 0
__divdi3,basic@00014b1c, 5, 1, 1, 1, 0, 0, 0, 1, 0, 1, 0, 0
__divdi3,basic@00014b38, 1, 1, 0, 0, 0, 0, 0, 0, 0, 0, 1, 1
__divdi3,basic@00014b3c, 1, 1, 0, 0, 0, 0, 0, 0, 0, 0, 1, 0
__divdi3,basic@00014b40, 5, 1, 1, 1, 0, 1, 1, 0, 0, 0, 1, 0
__divdi3,basic@00014928, 3, 0, 0, 1, 0, 0, 0, 1, 0, 1, 2, 2
__divdi3,basic@00014930, 8, 4, 4, 0, 0, 0, 0, 0, 0, 0, 4, 0
__divdi3,basic@00014940, 5, 1, 1, 1, 0, 0, 2, 0, 0, 0, 2, 0
__divdi3,basic@00014948, 2, 1, 1, 0, 0, 0, 0, 0, 0, 0, 1, 0
__divdi3,basic@0001494c, 10, 6, 1, 1, 0, 0, 1, 1, 0, 0, 2, 0
__divdi3,basic@00014968, 6, 1, 2, 1, 0, 0, 0, 1, 0, 1, 0, 0
__divdi3,basic@00014984, 2, 2, 0, 0, 0, 0, 0, 0, 0, 0, 1, 0
__divdi3,basic@00014988, 1, 1, 0, 0, 0, 0, 0, 0, 0, 0, 1, 1
__divdi3,basic@00014990, 12, 6, 2, 1, 0, 0, 2, 1, 0, 0, 2, 0
__divdi3,basic@000149b0, 5, 1, 1, 1, 0, 0, 0, 1, 0, 1, 0, 0
__divdi3,basic@000149cc, 1, 1, 0, 0, 0, 0, 0, 0, 0, 0, 1, 1
__divdi3,basic@000149d0, 1, 1, 0, 0, 0, 0, 0, 0, 0, 0, 1, 0
__divdi3,basic@000149d4, 4, 1, 1, 1, 0, 0, 1, 0, 0, 0, 1, 0
__divdi3,basic@00014c60, 4, 0, 0, 1, 0, 2, 1, 0, 0, 0, 1, 1
__divdi3,basic@00014c70, 4, 0, 0, 1, 0, 0, 2, 1, 0, 0, 1, 1
__divdi3,basic@00014c7c, 2, 0, 0, 1, 0, 1, 0, 0, 0, 0, 1, 2
__divdi3,basic@00014c80, 7, 2, 0, 1, 0, 1, 0, 1, 0, 2, 2, 3
__udivdi3,basic@00014c8c, 2, 0, 0, 1, 0, 0, 0, 1, 0, 0, 1, 1
__udivdi3,basic@00014ecc, 2, 0, 0, 1, 0, 0, 0, 1, 0, 0, 0, 0
__udivdi3,basic@00014ed4, 3, 0, 0, 1, 0, 0, 0, 1, 0, 1, 2, 2
__udivdi3,basic@00014f04, 26, 14, 10, 1, 0, 0, 0, 1, 0, 0, 11, 0
__udivdi3,basic@00014f44, 6, 1, 2, 1, 0, 0, 0, 1, 0, 1, 0, 0
__udivdi3,basic@00014f60, 2, 2, 0, 0, 0, 0, 0, 0, 0, 0, 1, 0
__udivdi3,basic@00014f64, 1, 1, 0, 0, 0, 0, 0, 0, 0, 0, 1, 1
__udivdi3,basic@00014f6c, 12, 6, 2, 1, 0, 0, 2, 1, 0, 0, 2, 0
__udivdi3,basic@00014f8c, 6, 1, 2, 1, 0, 0, 0, 1, 0, 1, 0, 0
__udivdi3,basic@00014fa8, 2, 2, 0, 0, 0, 0, 0, 0, 0, 0, 1, 0
__udivdi3,basic@00014fac, 1, 1, 0, 0, 0, 0, 0, 0, 0, 0, 1, 1
__udivdi3,basic@00014fb4, 15, 6, 1, 1, 0, 3, 2, 2, 0, 0, 4, 2
__udivdi3,basic@00014fc8, 5, 2, 1, 1, 0, 0, 0, 1, 0, 0, 1, 0
__udivdi3,basic@00014fd4, 1, 0, 0, 0, 0, 1, 0, 0, 0, 0, 1, 1
__udivdi3,basic@00014fdc, 3, 0, 0, 1, 0, 0, 1, 1, 0, 0, 1, 1
__udivdi3,basic@00014fe4, 1, 1, 0, 0, 0, 0, 0, 0, 0, 0, 1, 1
__udivdi3,basic@00014ee0, 3, 0, 0, 1, 0, 0, 0, 2, 0, 0, 0, 0
__udivdi3,basic@00014ee4, 1, 0, 0, 0, 0, 0, 0, 1, 0, 0, 0, 0
__udivdi3,basic@00014ee8, 2, 0, 0, 1, 0, 0, 1, 0, 0, 0, 0, 0
__udivdi3,basic@00014ee8, 3, 0, 0, 0, 0, 3, 0, 0, 0, 0, 1, 1
__udivdi3,basic@00014ff4, 2, 0, 0, 0, 0, 2, 0, 0, 0, 0, 1, 1
__udivdi3,basic@00014c98, 2, 0, 0, 1, 0, 0, 0, 1, 0, 0, 0, 0
__udivdi3,basic@00014d60, 2, 0, 0, 1, 0, 0, 0, 1, 0, 0, 1, 1
__udivdi3,basic@00014d64, 1, 1, 0, 0, 0, 0, 0, 0, 0, 0, 2, 2
__udivdi3,basic@00014d6c, 4, 0, 0, 1, 0, 0, 1, 1, 0, 1, 2, 2
__udivdi3,basic@00014d74, 2, 1, 0, 0, 0, 1, 0, 0, 0, 0, 1, 1
__udivdi3,basic@00014d80, 23, 13, 8, 1, 0, 0, 0, 1, 0, 0, 10, 0
__udivdi3,basic@00014dbc, 6, 1, 2, 1, 0, 0, 0, 1, 0, 1, 0, 0
__udivdi3,basic@00014dd8, 2, 2, 0, 0, 0, 0, 0, 0, 0, 0, 1, 0
__udivdi3,basic@00014ddc, 1, 1, 0, 0, 0, 0, 0, 0, 0, 0, 1, 1
__udivdi3,basic@00014de4, 12, 6, 2, 1, 0, 0, 2, 1, 0, 0, 2, 0
__udivdi3,basic@00014e04, 6, 1, 2, 1, 0, 0, 0, 1, 0, 1, 0, 0
__udivdi3,basic@00014e20, 2, 2, 0, 0, 0, 0, 0, 0, 0, 0, 1, 0
__udivdi3,basic@00014e24, 1, 1, 0, 0, 0, 0, 0, 0, 0, 0, 1, 1
__udivdi3,basic@00014e2c, 5, 2, 1, 0, 0, 0, 2, 0, 0, 0, 1, 0
__udivdi3,basic@00014e34, 15, 7, 2, 1, 0, 0, 4, 1, 0, 0, 4, 0
__udivdi3,basic@00014e58, 6, 1, 2, 1, 0, 0, 0, 1, 0, 1, 0, 0
__udivdi3,basic@00014e74, 2, 2, 0, 0, 0, 0, 0, 0, 0, 0, 1, 0
__udivdi3,basic@00014e78, 1, 1, 0, 0, 0, 0, 0, 0, 0, 0, 1, 1
__udivdi3,basic@00014e80, 12, 6, 2, 1, 0, 0, 2, 1, 0, 0, 2, 0
__udivdi3,basic@00014ea0, 5, 1, 1, 1, 0, 0, 0, 1, 0, 1, 0, 0
__udivdi3,basic@00014ebc, 1, 1, 0, 0, 0, 0, 0, 0, 0, 0, 1, 1
__udivdi3,basic@00014ec0, 1, 1, 0, 0, 0, 0, 0, 0, 0, 0, 1, 0
__udivdi3,basic@00014ec4, 6, 1, 1, 1, 0, 2, 1, 0, 0, 0, 1, 0
__udivdi3,basic@00014ca8, 3, 0, 0, 1, 0, 0, 0, 1, 0, 1, 2, 2
__udivdi3,basic@00014cb4, 8, 4, 4, 0, 0, 0, 0, 0, 0, 0, 4, 0
__udivdi3,basic@00014cc4, 4, 1, 0, 1, 0, 0, 2, 0, 0, 0, 1, 0
__udivdi3,basic@00014cc8, 2, 1, 1, 0, 0, 0, 0, 0, 0, 0, 1, 0
__udivdi3,basic@00014ccc, 11, 6, 2, 1, 0, 0, 1, 1, 0, 0, 3, 0
__udivdi3,basic@00014cec, 6, 1, 2, 1, 0, 0, 0, 1, 0, 1, 0, 0
__udivdi3,basic@00014d08, 2, 2, 0, 0, 0, 0, 0, 0, 0, 0, 1, 0
__udivdi3,basic@00014d0c, 1, 1, 0, 0, 0, 0, 0, 0, 0, 0, 1, 1
__udivdi3,basic@00014d14, 12, 6, 2, 1, 0, 0, 2, 1, 0, 0, 2, 0
__udivdi3,basic@00014d34, 5, 1, 1, 1, 0, 0, 0, 1, 0, 1, 0, 0
__udivdi3,basic@00014d50, 1, 1, 0, 0, 0, 0, 0, 0, 0, 0, 1, 1
__udivdi3,basic@00014d54, 1, 1, 0, 0, 0, 0, 0, 0, 0, 0, 1, 0
__udivdi3,basic@00014d58, 4, 1, 1, 1, 0, 0, 1, 0, 0, 0, 1, 0
__udivdi3,basic@00014fe8, 5, 0, 0, 1, 0, 3, 1, 0, 0, 0, 1, 1
__udivdi3,basic@00014ff8, 4, 0, 0, 1, 0, 1, 2, 0, 0, 0, 1, 2
__libc_csu_init,basic@00015000, 6, 0, 0, 0, 1, 4, 0, 0, 1, 0, 3, 2
__libc_csu_init,basic@00015034, 9, 1, 0, 1, 1, 2, 2, 1, 1, 0, 5, 3
__libc_csu_init,basic@00015054, 1, 0, 0, 1, 0, 0, 0, 0, 0, 0, 1, 1
__libc_csu_fini,basic@00015060, 1, 0, 0, 1, 0, 0, 0, 0, 0, 0, 1, 1
_fini,basic@00015064, 1, 0, 0, 1, 0, 0, 0, 0, 0, 0, 1, 1
